id,artist,sculpt,name,img
313c115c,CYSM,​Keyby,OG,https://cdn.keycap-archivist.com/keycaps/313c115c.jpg
26e4d9fe,CYSM,​Keyby,Green,https://cdn.keycap-archivist.com/keycaps/26e4d9fe.jpg
bbdbdcdb,CYSM,​Keyby,Blue,https://cdn.keycap-archivist.com/keycaps/bbdbdcdb.jpg
e94696e7,CYSM,​Keyby,Yellow,https://cdn.keycap-archivist.com/keycaps/e94696e7.jpg
b4dabac,CYSM,​Keyby,Pakkūman,https://cdn.keycap-archivist.com/keycaps/b4dabac.jpg
7621a7a9,CYSM,​Keyby,UGG,https://cdn.keycap-archivist.com/keycaps/7621a7a9.jpg
e87e6c06,CYSM,​Keyby,Chicken Little,https://cdn.keycap-archivist.com/keycaps/e87e6c06.jpg
6bf92406,CYSM,​Keyby,#fcfcfc,https://cdn.keycap-archivist.com/keycaps/6bf92406.jpg
48a6344e,CYSM,​Keyby,#cfcfcf,https://cdn.keycap-archivist.com/keycaps/48a6344e.jpg
788bf31b,CYSM,​Keyby,#FFFFFF,https://cdn.keycap-archivist.com/keycaps/788bf31b.jpg
44ff400c,CYSM,​Keyby,#999999,https://cdn.keycap-archivist.com/keycaps/44ff400c.jpg
429be40a,CYSM,​Keyby,#000000,https://cdn.keycap-archivist.com/keycaps/429be40a.jpg
1573504e,CYSM,​Keyby,Mooo,https://cdn.keycap-archivist.com/keycaps/1573504e.jpg
1f2de6f8,CYSM,​Keyby,Emerald Star,https://cdn.keycap-archivist.com/keycaps/1f2de6f8.jpg
25e74720,CYSM,​Keyby,Sparkly Socks,https://cdn.keycap-archivist.com/keycaps/25e74720.jpg
38a4b9af,CYSM,​Keyby,Twinkle Toes,https://cdn.keycap-archivist.com/keycaps/38a4b9af.jpg
73b09744,CYSM,​Keyby,Rainbow Sprinkles,https://cdn.keycap-archivist.com/keycaps/73b09744.jpg
2f8d95f,CYSM,​Keyby,Merry,https://cdn.keycap-archivist.com/keycaps/2f8d95f.jpg
42fba1dd,CYSM,​Keyby,Christmas,https://cdn.keycap-archivist.com/keycaps/42fba1dd.jpg
6836adbd,CYSM,​Keyby,Jolly Spirit,https://cdn.keycap-archivist.com/keycaps/6836adbd.jpg
a89a8bc2,CYSM,​Keyby,Kit Katz,https://cdn.keycap-archivist.com/keycaps/a89a8bc2.jpg
d7a21409,CYSM,​Keyby,Meteorite,https://cdn.keycap-archivist.com/keycaps/d7a21409.jpg
dfde93c3,CYSM,​Keyby,Charcoal Grey,https://cdn.keycap-archivist.com/keycaps/dfde93c3.jpg
d2b93429,CYSM,​Keyby,Classic Blue,https://cdn.keycap-archivist.com/keycaps/d2b93429.jpg
44c077ad,CYSM,​Keyby,Sweetheart,https://cdn.keycap-archivist.com/keycaps/44c077ad.jpg
8f28cee9,CYSM,​Keyby,Cold Hearted Bitch,https://cdn.keycap-archivist.com/keycaps/8f28cee9.jpg
4817d025,CYSM,​Keyby,Tiffany,https://cdn.keycap-archivist.com/keycaps/4817d025.jpg
12fbf4b3,CYSM,​Keyby,Council of the Dead,https://cdn.keycap-archivist.com/keycaps/12fbf4b3.jpg
742b7ef9,CYSM,​Keyby,Royal Invi,https://cdn.keycap-archivist.com/keycaps/742b7ef9.jpg
94dbccdb,CYSM,​Keyby,Bath Bomb,https://cdn.keycap-archivist.com/keycaps/94dbccdb.jpg
fdc0d346,CYSM,​Keyby,Eggplant,https://cdn.keycap-archivist.com/keycaps/fdc0d346.jpg
e8346c73,CYSM,​Keyby,Mulberry,https://cdn.keycap-archivist.com/keycaps/e8346c73.jpg
2781fac4,CYSM,​Keyby,Plum,https://cdn.keycap-archivist.com/keycaps/2781fac4.jpg
31a62588,CYSM,​Keyby,Mauve,https://cdn.keycap-archivist.com/keycaps/31a62588.jpg
502ad6a2,CYSM,​Keyby,Hibiscus,https://cdn.keycap-archivist.com/keycaps/502ad6a2.jpg
28d83ea2,CYSM,​Keyby,Milo,https://cdn.keycap-archivist.com/keycaps/28d83ea2.jpg
697eb5b4,CYSM,​Keyby,Algae Bloom,https://cdn.keycap-archivist.com/keycaps/697eb5b4.jpg
89e988f3,CYSM,​Keyby,Spilled Bingsu,https://cdn.keycap-archivist.com/keycaps/89e988f3.jpg
76c6b8fe,CYSM,​Keyby,Dooey,https://cdn.keycap-archivist.com/keycaps/76c6b8fe.jpg
39cdb347,CYSM,​Keyby,Dooey Grey Paw,https://cdn.keycap-archivist.com/keycaps/39cdb347.jpg
8349c45,CYSM,​Keyby,Sasha,https://cdn.keycap-archivist.com/keycaps/8349c45.jpg
ddbaa51c,CYSM,​Keyby,No,https://cdn.keycap-archivist.com/keycaps/ddbaa51c.jpg
dac12dee,CYSM,​Keyby,NoFace,https://cdn.keycap-archivist.com/keycaps/dac12dee.jpg
adc61d78,CYSM,​Keyby,NoFace,https://cdn.keycap-archivist.com/keycaps/adc61d78.jpg
16d163c4,CYSM,​Keyby,Towelie,https://cdn.keycap-archivist.com/keycaps/16d163c4.jpg
5c349995,CYSM,​Keyby,No Sleep,https://cdn.keycap-archivist.com/keycaps/5c349995.jpg
6f89e5d1,CYSM,​Keyby,Noel (Pink),https://cdn.keycap-archivist.com/keycaps/6f89e5d1.jpg
a209808f,CYSM,​Keyby,Noel (Blue),https://cdn.keycap-archivist.com/keycaps/a209808f.jpg
c51c1490,CYSM,​Keyby,Noel (Blue w/ blush),https://cdn.keycap-archivist.com/keycaps/c51c1490.jpg
48af0f4f,CYSM,​Keyby,Islander,https://cdn.keycap-archivist.com/keycaps/48af0f4f.jpg
23a4fd8a,CYSM,​Keyby,Redacted,https://cdn.keycap-archivist.com/keycaps/23a4fd8a.jpg
e1679398,CYSM,​Keyby,Redacted (Purple),https://cdn.keycap-archivist.com/keycaps/e1679398.jpg
c7029d70,CYSM,​Keyby,Redacted  (Dark Brown),https://cdn.keycap-archivist.com/keycaps/c7029d70.jpg
4cc74409,CYSM,​Keyby,Redacted (Maroon),https://cdn.keycap-archivist.com/keycaps/4cc74409.jpg
4123a022,CYSM,​Keyby,Redacted (Blue),https://cdn.keycap-archivist.com/keycaps/4123a022.jpg
45e41cf9,CYSM,​Keyby,#BlackLivesMatter(Semi-Translucent),https://cdn.keycap-archivist.com/keycaps/45e41cf9.jpg
a005cadd,CYSM,​Keyby,#BlackLivesMatter(Translucent Black),https://cdn.keycap-archivist.com/keycaps/a005cadd.jpg
4021c49f,CYSM,​Keyby,#BlackLivesMatter (Solid),https://cdn.keycap-archivist.com/keycaps/4021c49f.jpg
87447148,CYSM,​Keyby,Dolch & Gabbana,https://cdn.keycap-archivist.com/keycaps/87447148.jpg
7fec89f,CYSM,​Keyby,Gabbana & Dolch,https://cdn.keycap-archivist.com/keycaps/7fec89f.jpg
10b86f07,CYSM,​Keyby,Batman,https://cdn.keycap-archivist.com/keycaps/10b86f07.jpg
61c35f,CYSM,​Keyby,Badman,https://cdn.keycap-archivist.com/keycaps/61c35f.jpg
7275378f,CYSM,​Keyby,Swiss Jizz,https://cdn.keycap-archivist.com/keycaps/7275378f.jpg
274b3efc,CYSM,​Keyby,Innisfree,https://cdn.keycap-archivist.com/keycaps/274b3efc.jpg
5cd3c23d,CYSM,​Keyby,Ice Bear,https://cdn.keycap-archivist.com/keycaps/5cd3c23d.jpg
3df1e7f2,CYSM,​Keyby,Grizzly,https://cdn.keycap-archivist.com/keycaps/3df1e7f2.jpg
70b7200,CYSM,​Keyby,Panpan,https://cdn.keycap-archivist.com/keycaps/70b7200.jpg
19f666ed,CYSM,​Keyby,Aye-Aye Captain,https://cdn.keycap-archivist.com/keycaps/19f666ed.jpg
e76fdb51,CYSM,​Keyby,Lvl.???,https://cdn.keycap-archivist.com/keycaps/e76fdb51.jpg
efba7173,CYSM,​Keyby,White Rabbit,https://cdn.keycap-archivist.com/keycaps/efba7173.jpg
f623db24,CYSM,​Keyby,Microsoft Azure,https://cdn.keycap-archivist.com/keycaps/f623db24.jpg
1d45602d,CYSM,​Keyby,ZAP!,https://cdn.keycap-archivist.com/keycaps/1d45602d.jpg
da5cce0f,CYSM,​Keyby,Katta,https://cdn.keycap-archivist.com/keycaps/da5cce0f.jpg
31915c56,CYSM,​Keyby,Kissa,https://cdn.keycap-archivist.com/keycaps/31915c56.jpg
9e1bd55e,CYSM,​Keyby,Greasy Hand,https://cdn.keycap-archivist.com/keycaps/9e1bd55e.jpg
7eb6c4f2,CYSM,​Keyby,Alfa Rioga,https://cdn.keycap-archivist.com/keycaps/7eb6c4f2.jpg
c9930140,CYSM,​Keyby,Chowder,https://cdn.keycap-archivist.com/keycaps/c9930140.jpg
256dd0f6,CYSM,​Keyby,Ginger Bad Man,https://cdn.keycap-archivist.com/keycaps/256dd0f6.jpg
447b7a4f,CYSM,​Keyby,Rudolf,https://cdn.keycap-archivist.com/keycaps/447b7a4f.jpg
6e8d9c07,CYSM,​Keyby,Amethyst,https://cdn.keycap-archivist.com/keycaps/6e8d9c07.jpg
539ad8f1,CYSM,​Keyby,Quartz,https://cdn.keycap-archivist.com/keycaps/539ad8f1.jpg
523dd184,CYSM,​Keyby,Peridot,https://cdn.keycap-archivist.com/keycaps/523dd184.jpg
2866295d,CYSM,​Keyby,Phantom Purple,https://cdn.keycap-archivist.com/keycaps/2866295d.jpg
1a16b42e,CYSM,​Keyby,Phantom Green,https://cdn.keycap-archivist.com/keycaps/1a16b42e.jpg
ccf11b46,CYSM,​Keyby,I’ll Be Okay,https://cdn.keycap-archivist.com/keycaps/ccf11b46.jpg
c8b55eb2,CYSM,​Keyby,Pink ‘Blank’,https://cdn.keycap-archivist.com/keycaps/c8b55eb2.jpg
50e928d8,CYSM,​Keyby,Blue ‘Blank’,https://cdn.keycap-archivist.com/keycaps/50e928d8.jpg
e2ba0ee0,CYSM,​Keyby,Green ‘Blank’,https://cdn.keycap-archivist.com/keycaps/e2ba0ee0.jpg
c2ab05ca,CYSM,​Keyby,Yellow ‘Blank’,https://cdn.keycap-archivist.com/keycaps/c2ab05ca.jpg
7f72637c,CYSM,​Keyby,Black ‘Blank’,https://cdn.keycap-archivist.com/keycaps/7f72637c.jpg
193b8535,CYSM,​Keyby,Pepe,https://cdn.keycap-archivist.com/keycaps/193b8535.jpg
7060297f,CYSM,​Keyby,Aurora,https://cdn.keycap-archivist.com/keycaps/7060297f.jpg
773826b0,CYSM,​Keyby,Græn Apple,https://cdn.keycap-archivist.com/keycaps/773826b0.jpg
4739b3dd,CYSM,​Keyby,Ræd Apple,https://cdn.keycap-archivist.com/keycaps/4739b3dd.jpg
cb93647b,CYSM,​Keyby,Cracked Græn Apple,https://cdn.keycap-archivist.com/keycaps/cb93647b.jpg
e7e1765e,CYSM,​Keyby,Cracked Red Apple,https://cdn.keycap-archivist.com/keycaps/e7e1765e.jpg
28992e5e,CYSM,​Keyby,Brownie,https://cdn.keycap-archivist.com/keycaps/28992e5e.jpg
f161e4f8,CYSM,​Keyby,Olympian,https://cdn.keycap-archivist.com/keycaps/f161e4f8.jpg
54f78a1b,CYSM,​Keyby,Dolchie,https://cdn.keycap-archivist.com/keycaps/54f78a1b.jpg
77c342c0,CYSM,​Keyby,Clifford,https://cdn.keycap-archivist.com/keycaps/77c342c0.jpg
1e780bd2,CYSM,​Keyby,T-1000,https://cdn.keycap-archivist.com/keycaps/1e780bd2.jpg
2c371f71,CYSM,​Keyby,Paddlepop,https://cdn.keycap-archivist.com/keycaps/2c371f71.jpg
f2c41b5b,CYSM,​Keyby,Pearly Blush,https://cdn.keycap-archivist.com/keycaps/f2c41b5b.jpg
ce69b5a7,CYSM,​Keyby,Pearly Lilac,https://cdn.keycap-archivist.com/keycaps/ce69b5a7.jpg
fa1fa682,CYSM,​Keyby,Pearly Arctic,https://cdn.keycap-archivist.com/keycaps/fa1fa682.jpg
29df41d1,CYSM,​Keyby,Pearly Mint,https://cdn.keycap-archivist.com/keycaps/29df41d1.jpg
968e5798,CYSM,​Keyby,Medallion,https://cdn.keycap-archivist.com/keycaps/968e5798.jpg
7636e33a,CYSM,​Keyby,Silver,https://cdn.keycap-archivist.com/keycaps/7636e33a.jpg
a1040ff6,CYSM,​Keyby,Titanium,https://cdn.keycap-archivist.com/keycaps/a1040ff6.jpg
9f98bfd0,CYSM,​Keyby,Saitama,https://cdn.keycap-archivist.com/keycaps/9f98bfd0.jpg
564cfb1f,CYSM,​Keyby,K-3PO,https://cdn.keycap-archivist.com/keycaps/564cfb1f.jpg
51866f9f,CYSM,​Keyby,Dalmatian,https://cdn.keycap-archivist.com/keycaps/51866f9f.jpg
61a0eb4d,CYSM,​Keyby,Koomin,https://cdn.keycap-archivist.com/keycaps/61a0eb4d.jpg
9985d1d4,CYSM,​Keyby,Kelmo,https://cdn.keycap-archivist.com/keycaps/9985d1d4.jpg
86875ff7,CYSM,​Keyby,Kookie Monster,https://cdn.keycap-archivist.com/keycaps/86875ff7.jpg
8705a118,CYSM,​Keyby,Uncle Ronald,https://cdn.keycap-archivist.com/keycaps/8705a118.jpg
9be05b7e,CYSM,​Keyby,Jason,https://cdn.keycap-archivist.com/keycaps/9be05b7e.jpg
bf04b967,CYSM,​Keyby,Dracula,https://cdn.keycap-archivist.com/keycaps/bf04b967.jpg
deeb00ea,CYSM,​Keyby,Bad Luck Neko,https://cdn.keycap-archivist.com/keycaps/deeb00ea.jpg
5d24056,CYSM,​Keyby,Little Green Man,https://cdn.keycap-archivist.com/keycaps/5d24056.jpg
fd485b96,CYSM,​Keyby,Mustard Yellow,https://cdn.keycap-archivist.com/keycaps/fd485b96.jpg
ad1396b9,CYSM,​Keyby,Clay Red,https://cdn.keycap-archivist.com/keycaps/ad1396b9.jpg
452dfa33,CYSM,​Keyby,Kaya Green,https://cdn.keycap-archivist.com/keycaps/452dfa33.jpg
5478ced6,CYSM,​Keyby,Dark Purple,https://cdn.keycap-archivist.com/keycaps/5478ced6.jpg
ec2a546b,CYSM,​Keyby,Polykeybinate,https://cdn.keycap-archivist.com/keycaps/ec2a546b.jpg
3b065cd3,CYSM,​Keyby,BRG,https://cdn.keycap-archivist.com/keycaps/3b065cd3.jpg
6588ef30,CYSM,​Keyby,Spinel Gray,https://cdn.keycap-archivist.com/keycaps/6588ef30.jpg
3ec45901,CYSM,​Keyby,Nephrite Jade,https://cdn.keycap-archivist.com/keycaps/3ec45901.jpg
323f95fd,CYSM,​Keyby,Garnet Red,https://cdn.keycap-archivist.com/keycaps/323f95fd.jpg
2f47f2d4,CYSM,​Keyby,Frosty,https://cdn.keycap-archivist.com/keycaps/2f47f2d4.jpg
ad9ef064,CYSM,​Keyby,Santa,https://cdn.keycap-archivist.com/keycaps/ad9ef064.jpg
223f5615,CYSM,​Keyby,Very Peri,https://cdn.keycap-archivist.com/keycaps/223f5615.jpg
e7d7d030,CYSM,​Keyby,Hariharimau,https://cdn.keycap-archivist.com/keycaps/e7d7d030.jpg
a344e28f,CYSM,​Keyby,Opalized Flourite,https://cdn.keycap-archivist.com/keycaps/a344e28f.jpg
a79c248e,CYSM,​Keyby,Teradrive,https://cdn.keycap-archivist.com/keycaps/a79c248e.jpg
d611aa4c,CYSM,​Keyby,Puppy Love,https://cdn.keycap-archivist.com/keycaps/d611aa4c.jpg
7017f543,CYSM,​Keyby,Falling in Love,https://cdn.keycap-archivist.com/keycaps/7017f543.jpg
5cbf55a0,CYSM,​Keyby,Hot Love,https://cdn.keycap-archivist.com/keycaps/5cbf55a0.jpg
3703b76d,CYSM,​Keyby,16-BIT ENTMT SYS,https://cdn.keycap-archivist.com/keycaps/3703b76d.jpg
12ce6789,CYSM,​Keyby,Oreo Mcflurry,https://cdn.keycap-archivist.com/keycaps/12ce6789.jpg
eca2ec54,CYSM,​Keyby,Sus OG,https://cdn.keycap-archivist.com/keycaps/eca2ec54.jpg
77bcc4e9,CYSM,​Keyby,Floral Easter,https://cdn.keycap-archivist.com/keycaps/77bcc4e9.jpg
92020b8d,CYSM,​Keyby,Polka Dots Easter,https://cdn.keycap-archivist.com/keycaps/92020b8d.jpg
a6fa4f5a,CYSM,​Keyby,Pinky Jelly,https://cdn.keycap-archivist.com/keycaps/a6fa4f5a.jpg
87923821,CYSM,​Keyby,Yellow Jelly,https://cdn.keycap-archivist.com/keycaps/87923821.jpg
bd70017c,CYSM,​Keyby,Orange Jelly,https://cdn.keycap-archivist.com/keycaps/bd70017c.jpg
afd5b87d,CYSM,​Keyby,Blue Jelly,https://cdn.keycap-archivist.com/keycaps/afd5b87d.jpg
de4ba162,CYSM,​Keyby,Green Jelly,https://cdn.keycap-archivist.com/keycaps/de4ba162.jpg
15ad3cac,CYSM,​Keyby,Purple Jelly,https://cdn.keycap-archivist.com/keycaps/15ad3cac.jpg
f98e3836,CYSM,​Keyby,Black Jelly,https://cdn.keycap-archivist.com/keycaps/f98e3836.jpg
87f5e314,CYSM,​Keyby,White Jelly,https://cdn.keycap-archivist.com/keycaps/87f5e314.jpg
e75e0212,CYSM,​Keyby,Pink,https://cdn.keycap-archivist.com/keycaps/e75e0212.jpg
20e8efbb,CYSM,​Keyby,Yellow,https://cdn.keycap-archivist.com/keycaps/20e8efbb.jpg
4f17434d,CYSM,​Keyby,Orange,https://cdn.keycap-archivist.com/keycaps/4f17434d.jpg
2db3a355,CYSM,​Keyby,Blue,https://cdn.keycap-archivist.com/keycaps/2db3a355.jpg
c06b94cd,CYSM,​Keyby,Green,https://cdn.keycap-archivist.com/keycaps/c06b94cd.jpg
22ab21f6,CYSM,​Keyby,Purple,https://cdn.keycap-archivist.com/keycaps/22ab21f6.jpg
e735dbc9,CYSM,​Keyby,Black,https://cdn.keycap-archivist.com/keycaps/e735dbc9.jpg
879b0db9,CYSM,​Keyby,White,https://cdn.keycap-archivist.com/keycaps/879b0db9.jpg
9070c312,CYSM,​Keyby,Mixed Feeling,https://cdn.keycap-archivist.com/keycaps/9070c312.jpg
ce601ea7,CYSM,​Keyby,Calico Neko,https://cdn.keycap-archivist.com/keycaps/ce601ea7.jpg
4195995d,CYSM,​Keyby,Tuxedo Neko,https://cdn.keycap-archivist.com/keycaps/4195995d.jpg
b734e63a,CYSM,​Keyby,Harlequin Neko,https://cdn.keycap-archivist.com/keycaps/b734e63a.jpg
ce069b9d,CYSM,​Keyby,Pupper,https://cdn.keycap-archivist.com/keycaps/ce069b9d.jpg
d8e3041b,CYSM,​Keyby,Shiba,https://cdn.keycap-archivist.com/keycaps/d8e3041b.jpg
c36042e0,CYSM,​Keyby,Tabby Neko,https://cdn.keycap-archivist.com/keycaps/c36042e0.jpg
d385448b,CYSM,​Keyby,Keyraemon,https://cdn.keycap-archivist.com/keycaps/d385448b.jpg
ebf0462d,CYSM,​Keyby,Punisher,https://cdn.keycap-archivist.com/keycaps/ebf0462d.jpg
49912950,CYSM,​Keyby,Frankeystein,https://cdn.keycap-archivist.com/keycaps/49912950.jpg
9a26ce70,CYSM,​Keyby,Hellfire Club,https://cdn.keycap-archivist.com/keycaps/9a26ce70.jpg
6f3770ac,CYSM,‏‏‎‎Booo,Shiro,https://cdn.keycap-archivist.com/keycaps/6f3770ac.jpg
ba307f70,CYSM,‏‏‎‎Booo,Kuro,https://cdn.keycap-archivist.com/keycaps/ba307f70.jpg
7e44d397,CYSM,‏‏‎‎Booo,Test Subject (Day 1),https://cdn.keycap-archivist.com/keycaps/7e44d397.jpg
1bf64cef,CYSM,‏‏‎‎Booo,Test Subject (Day 2),https://cdn.keycap-archivist.com/keycaps/1bf64cef.jpg
e2e8c2f6,CYSM,‏‏‎‎Booo,Vanilla,https://cdn.keycap-archivist.com/keycaps/e2e8c2f6.jpg
f1eb78ab,CYSM,‏‏‎‎Booo,Salmon,https://cdn.keycap-archivist.com/keycaps/f1eb78ab.jpg
c1b495f7,CYSM,‏‏‎‎Booo,Australian Beef,https://cdn.keycap-archivist.com/keycaps/c1b495f7.jpg
fc7272be,CYSM,‏‏‎‎Booo,Nantes Carrot,https://cdn.keycap-archivist.com/keycaps/fc7272be.jpg
cae6a71d,CYSM,‏‏‎‎Booo,Mustard,https://cdn.keycap-archivist.com/keycaps/cae6a71d.jpg
3f3b7538,CYSM,‏‏‎‎Booo,Jalapeño Pepper,https://cdn.keycap-archivist.com/keycaps/3f3b7538.jpg
b13555ae,CYSM,‏‏‎‎Booo,Sky Juice,https://cdn.keycap-archivist.com/keycaps/b13555ae.jpg
71279cc6,CYSM,‏‏‎‎Booo,Pulut Taitai,https://cdn.keycap-archivist.com/keycaps/71279cc6.jpg
dac8b49c,CYSM,‏‏‎‎Booo,Purple Cabbage,https://cdn.keycap-archivist.com/keycaps/dac8b49c.jpg
a62fad44,CYSM,‏‏‎‎Booo,Reality Stone,https://cdn.keycap-archivist.com/keycaps/a62fad44.jpg
ed3b991c,CYSM,‏‏‎‎Booo,Soul Stone,https://cdn.keycap-archivist.com/keycaps/ed3b991c.jpg
a5e0a57b,CYSM,‏‏‎‎Booo,Mind Stone,https://cdn.keycap-archivist.com/keycaps/a5e0a57b.jpg
ab75e0d0,CYSM,‏‏‎‎Booo,Space Stone,https://cdn.keycap-archivist.com/keycaps/ab75e0d0.jpg
fd869ebc,CYSM,‏‏‎‎Booo,Power Stone,https://cdn.keycap-archivist.com/keycaps/fd869ebc.jpg
9ee378cb,CYSM,‏‏‎‎Booo,Time Stone,https://cdn.keycap-archivist.com/keycaps/9ee378cb.jpg
c6571cac,CYSM,‏‏‎‎Booo,Pika-Booo,https://cdn.keycap-archivist.com/keycaps/c6571cac.jpg
70a896e8,CYSM,‏‏‎‎Booo,Herbivore,https://cdn.keycap-archivist.com/keycaps/70a896e8.jpg
c82e16a,CYSM,‏‏‎‎Booo,Mary Wanna,https://cdn.keycap-archivist.com/keycaps/c82e16a.jpg
de797166,CYSM,‏‏‎‎Booo,Water Malone,https://cdn.keycap-archivist.com/keycaps/de797166.jpg
750020dd,CYSM,‏‏‎‎Booo,Bone Boi,https://cdn.keycap-archivist.com/keycaps/750020dd.jpg
af559b86,CYSM,‏‏‎‎Booo,Boojo Jojo,https://cdn.keycap-archivist.com/keycaps/af559b86.jpg
a331f4d1,CYSM,‏‏‎‎Booo,Finn-a Do It,https://cdn.keycap-archivist.com/keycaps/a331f4d1.jpg
b8a1b535,CYSM,‏‏‎‎Booo,Stupid Dog,https://cdn.keycap-archivist.com/keycaps/b8a1b535.jpg
d93b0328,CYSM,‏‏‎‎Booo,You’re a Keycap!! Harry,https://cdn.keycap-archivist.com/keycaps/d93b0328.jpg
1a72f024,CYSM,‏‏‎‎Booo,Eggooo,https://cdn.keycap-archivist.com/keycaps/1a72f024.jpg
51fb3a5e,CYSM,‏‏‎‎Booo,ABooocado,https://cdn.keycap-archivist.com/keycaps/51fb3a5e.jpg
20b074ce,CYSM,‏‏‎‎Booo,Goddess,https://cdn.keycap-archivist.com/keycaps/20b074ce.jpg
efed336c,CYSM,‏‏‎‎Booo,True Face,https://cdn.keycap-archivist.com/keycaps/efed336c.jpg
61c9c39,CYSM,‏‏‎‎Booo,Use Splash!,https://cdn.keycap-archivist.com/keycaps/61c9c39.jpg
10fd4a11,CYSM,‏‏‎‎Booo,Aku,https://cdn.keycap-archivist.com/keycaps/10fd4a11.jpg
d2619351,CYSM,‏‏‎‎Booo,Dead-Booo,https://cdn.keycap-archivist.com/keycaps/d2619351.jpg
d0d9aa83,CYSM,‏‏‎‎Booo,Crystal Meth,https://cdn.keycap-archivist.com/keycaps/d0d9aa83.jpg
d308cd3a,CYSM,‏‏‎‎Booo,Starburst Universe,https://cdn.keycap-archivist.com/keycaps/d308cd3a.jpg
2633df3d,CYSM,‏‏‎‎Booo,Spirited Away,https://cdn.keycap-archivist.com/keycaps/2633df3d.jpg
a988ee43,CYSM,‏‏‎‎Booo,No Face,https://cdn.keycap-archivist.com/keycaps/a988ee43.jpg
de8fded5,CYSM,‏‏‎‎Booo,No Face,https://cdn.keycap-archivist.com/keycaps/de8fded5.jpg
e812f0b6,CYSM,‏‏‎‎Booo,No Face,https://cdn.keycap-archivist.com/keycaps/e812f0b6.jpg
7d1d18dc,CYSM,‏‏‎‎Booo,Switch!,https://cdn.keycap-archivist.com/keycaps/7d1d18dc.jpg
ba6fd24,CYSM,‏‏‎‎Booo,Shattered Troubled Mind,https://cdn.keycap-archivist.com/keycaps/ba6fd24.jpg
dad9cb9c,CYSM,‏‏‎‎Booo,Rainbow Vomit,https://cdn.keycap-archivist.com/keycaps/dad9cb9c.jpg
2517dab1,CYSM,‏‏‎‎Booo,Bauhaus,https://cdn.keycap-archivist.com/keycaps/2517dab1.jpg
b231efce,CYSM,‏‏‎‎Booo,Bon-Booo,https://cdn.keycap-archivist.com/keycaps/b231efce.jpg
bff698a6,CYSM,‏‏‎‎Booo,3 Hole Punch,https://cdn.keycap-archivist.com/keycaps/bff698a6.jpg
a58b72ef,CYSM,‏‏‎‎Booo,Cracked Face,https://cdn.keycap-archivist.com/keycaps/a58b72ef.jpg
7d2b67e4,CYSM,‏‏‎‎Booo,Tiger-Booo,https://cdn.keycap-archivist.com/keycaps/7d2b67e4.jpg
8f4955f2,CYSM,‏‏‎‎Booo,SG Command & Conquer,https://cdn.keycap-archivist.com/keycaps/8f4955f2.jpg
43b0afb6,CYSM,‏‏‎‎Booo,Singaboo,https://cdn.keycap-archivist.com/keycaps/43b0afb6.jpg
9ab1976a,CYSM,‏‏‎‎Booo,OK Google,https://cdn.keycap-archivist.com/keycaps/9ab1976a.jpg
2e98081c,CYSM,‏‏‎‎Booo,Pastel Dream,https://cdn.keycap-archivist.com/keycaps/2e98081c.jpg
7c0b09d8,CYSM,‏‏‎‎Booo,Blizzard,https://cdn.keycap-archivist.com/keycaps/7c0b09d8.jpg
e8c0b765,CYSM,‏‏‎‎Booo,6ix9ine,https://cdn.keycap-archivist.com/keycaps/e8c0b765.jpg
2ee9aa28,CYSM,‏‏‎‎Booo,Blood Rites,https://cdn.keycap-archivist.com/keycaps/2ee9aa28.jpg
a269dcc9,CYSM,‏‏‎‎Booo,Syaitanma,https://cdn.keycap-archivist.com/keycaps/a269dcc9.jpg
9835045a,CYSM,‏‏‎‎Booo,Pure Face,https://cdn.keycap-archivist.com/keycaps/9835045a.jpg
87bff34c,CYSM,‏‏‎‎Booo,Fresh Mint,https://cdn.keycap-archivist.com/keycaps/87bff34c.jpg
c7057389,CYSM,‏‏‎‎Booo,Spearmint,https://cdn.keycap-archivist.com/keycaps/c7057389.jpg
50f1614b,CYSM,‏‏‎‎Booo,Pinky,https://cdn.keycap-archivist.com/keycaps/50f1614b.jpg
7a2e26f2,CYSM,‏‏‎‎Booo,Inky,https://cdn.keycap-archivist.com/keycaps/7a2e26f2.jpg
98bf54dd,CYSM,‏‏‎‎Booo,Clyde,https://cdn.keycap-archivist.com/keycaps/98bf54dd.jpg
cb569b4c,CYSM,‏‏‎‎Booo,Blinky,https://cdn.keycap-archivist.com/keycaps/cb569b4c.jpg
4bcb33d8,CYSM,‏‏‎‎Booo,Yin Yang,https://cdn.keycap-archivist.com/keycaps/4bcb33d8.jpg
dfc4add8,CYSM,‏‏‎‎Booo,NaCl,https://cdn.keycap-archivist.com/keycaps/dfc4add8.jpg
d2e943a1,CYSM,‏‏‎‎Booo,Rainbow Sherbet,https://cdn.keycap-archivist.com/keycaps/d2e943a1.jpg
4e80ef04,CYSM,‏‏‎‎Booo,Mooo Booo,https://cdn.keycap-archivist.com/keycaps/4e80ef04.jpg
6b2a74ca,CYSM,‏‏‎‎Booo,Classic Blue,https://cdn.keycap-archivist.com/keycaps/6b2a74ca.jpg
227e9c5b,CYSM,‏‏‎‎Booo,Tiffany,https://cdn.keycap-archivist.com/keycaps/227e9c5b.jpg
a5f46da2,CYSM,‏‏‎‎Booo,Sweetheart,https://cdn.keycap-archivist.com/keycaps/a5f46da2.jpg
de261e05,CYSM,‏‏‎‎Booo,Cold Hearted Bitch,https://cdn.keycap-archivist.com/keycaps/de261e05.jpg
958f7b39,CYSM,‏‏‎‎Booo,Senget Sweetheart,https://cdn.keycap-archivist.com/keycaps/958f7b39.jpg
a8fe1378,CYSM,‏‏‎‎Booo,Senget Cold Hearted Bitch,https://cdn.keycap-archivist.com/keycaps/a8fe1378.jpg
832c8e0e,CYSM,‏‏‎‎Booo,Halo,https://cdn.keycap-archivist.com/keycaps/832c8e0e.jpg
4ac8c6b6,CYSM,‏‏‎‎Booo,Council of the Dead,https://cdn.keycap-archivist.com/keycaps/4ac8c6b6.jpg
33fbc6cf,CYSM,‏‏‎‎Booo,Bath Bomb,https://cdn.keycap-archivist.com/keycaps/33fbc6cf.jpg
308e0285,CYSM,‏‏‎‎Booo,Eggplant,https://cdn.keycap-archivist.com/keycaps/308e0285.jpg
c2c290b7,CYSM,‏‏‎‎Booo,Mulberry,https://cdn.keycap-archivist.com/keycaps/c2c290b7.jpg
d2cb0ebc,CYSM,‏‏‎‎Booo,Plum,https://cdn.keycap-archivist.com/keycaps/d2cb0ebc.jpg
f18d6f14,CYSM,‏‏‎‎Booo,Mauve,https://cdn.keycap-archivist.com/keycaps/f18d6f14.jpg
f4f27a82,CYSM,‏‏‎‎Booo,Hibiscus,https://cdn.keycap-archivist.com/keycaps/f4f27a82.jpg
f1c1870b,CYSM,‏‏‎‎Booo,Milo Kaw,https://cdn.keycap-archivist.com/keycaps/f1c1870b.jpg
24bbaaa8,CYSM,‏‏‎‎Booo,Milo,https://cdn.keycap-archivist.com/keycaps/24bbaaa8.jpg
6c983943,CYSM,‏‏‎‎Booo,Dawn,https://cdn.keycap-archivist.com/keycaps/6c983943.jpg
41861faa,CYSM,‏‏‎‎Booo,Dusk,https://cdn.keycap-archivist.com/keycaps/41861faa.jpg
681e913a,CYSM,‏‏‎‎Booo,Pink x Noel,https://cdn.keycap-archivist.com/keycaps/681e913a.jpg
aa16888a,CYSM,‏‏‎‎Booo,Blue x Noel,https://cdn.keycap-archivist.com/keycaps/aa16888a.jpg
292f26d8,CYSM,‏‏‎‎Booo,Crayon Splatter,https://cdn.keycap-archivist.com/keycaps/292f26d8.jpg
d35cc127,CYSM,‏‏‎‎Booo,Islander,https://cdn.keycap-archivist.com/keycaps/d35cc127.jpg
95ea7496,CYSM,‏‏‎‎Booo,Dolch & Gabbana,https://cdn.keycap-archivist.com/keycaps/95ea7496.jpg
435a0df,CYSM,‏‏‎‎Booo,Innisfree,https://cdn.keycap-archivist.com/keycaps/435a0df.jpg
fe5e4cd7,CYSM,‏‏‎‎Booo,Aye-Aye Captain,https://cdn.keycap-archivist.com/keycaps/fe5e4cd7.jpg
699f8afd,CYSM,‏‏‎‎Booo,Lvl.???,https://cdn.keycap-archivist.com/keycaps/699f8afd.jpg
5cbe4d6e,CYSM,‏‏‎‎Booo,White Rabbit,https://cdn.keycap-archivist.com/keycaps/5cbe4d6e.jpg
8566e622,CYSM,‏‏‎‎Booo,Greasy Hand,https://cdn.keycap-archivist.com/keycaps/8566e622.jpg
e2129295,CYSM,‏‏‎‎Booo,Alfa Rioga,https://cdn.keycap-archivist.com/keycaps/e2129295.jpg
3b56dde2,CYSM,‏‏‎‎Booo,Ginger Bad Man,https://cdn.keycap-archivist.com/keycaps/3b56dde2.jpg
99e8c855,CYSM,‏‏‎‎Booo,Lord Alien,https://cdn.keycap-archivist.com/keycaps/99e8c855.jpg
a0bae94a,CYSM,‏‏‎‎Booo,Aurora,https://cdn.keycap-archivist.com/keycaps/a0bae94a.jpg
891b323c,CYSM,‏‏‎‎Booo,Sparkling Sky Juice,https://cdn.keycap-archivist.com/keycaps/891b323c.jpg
3ec20b48,CYSM,‏‏‎‎Booo,Græn Apple,https://cdn.keycap-archivist.com/keycaps/3ec20b48.jpg
353705c8,CYSM,‏‏‎‎Booo,Ræd Apple,https://cdn.keycap-archivist.com/keycaps/353705c8.jpg
847e4623,CYSM,‏‏‎‎Booo,Cracked Græn Apple,https://cdn.keycap-archivist.com/keycaps/847e4623.jpg
b02fce0b,CYSM,‏‏‎‎Booo,Cracked Ræd Apple,https://cdn.keycap-archivist.com/keycaps/b02fce0b.jpg
3c9c14db,CYSM,‏‏‎‎Booo,Olympian,https://cdn.keycap-archivist.com/keycaps/3c9c14db.jpg
66051ea6,CYSM,‏‏‎‎Booo,Dolchie,https://cdn.keycap-archivist.com/keycaps/66051ea6.jpg
64954241,CYSM,‏‏‎‎Booo,Clifford,https://cdn.keycap-archivist.com/keycaps/64954241.jpg
cf56a3d0,CYSM,‏‏‎‎Booo,Pearly Blush,https://cdn.keycap-archivist.com/keycaps/cf56a3d0.jpg
f3fb0d2c,CYSM,‏‏‎‎Booo,Pearly Lilac,https://cdn.keycap-archivist.com/keycaps/f3fb0d2c.jpg
64d17340,CYSM,‏‏‎‎Booo,Pearly Arctic,https://cdn.keycap-archivist.com/keycaps/64d17340.jpg
7d84e8e6,CYSM,‏‏‎‎Booo,Pearly Mint,https://cdn.keycap-archivist.com/keycaps/7d84e8e6.jpg
122e4f7e,CYSM,‏‏‎‎Booo,Very Peri,https://cdn.keycap-archivist.com/keycaps/122e4f7e.jpg
90e0f9fc,CYSM,‏‏‎‎Booo,Teradrive,https://cdn.keycap-archivist.com/keycaps/90e0f9fc.jpg
ac39bb7e,CYSM,‏‏‎‎Booo,16-BIT ENTMT SYS,https://cdn.keycap-archivist.com/keycaps/ac39bb7e.jpg
daaddfe8,CYSM,‏‏‎ ‎Olifu,OG Spanish,https://cdn.keycap-archivist.com/keycaps/daaddfe8.jpg
602c64b2,CYSM,‏‏‎ ‎Olifu,Black,https://cdn.keycap-archivist.com/keycaps/602c64b2.jpg
44e142b3,CYSM,‏‏‎ ‎Olifu,Green,https://cdn.keycap-archivist.com/keycaps/44e142b3.jpg
a25f715f,CYSM,‏‏‎ ‎Olifu,Tokyo2020,https://cdn.keycap-archivist.com/keycaps/a25f715f.jpg
72d096b5,CYSM,‏‏‎ ‎Olifu,Natural Sophistication,https://cdn.keycap-archivist.com/keycaps/72d096b5.jpg
c18c93dc,CYSM,‏‏‎ ‎Olifu,Yoga Meditation,https://cdn.keycap-archivist.com/keycaps/c18c93dc.jpg
398b2508,CYSM,‏‏‎ ‎Olifu,Classic Blue,https://cdn.keycap-archivist.com/keycaps/398b2508.jpg
3723343,CYSM,‏‏‎ ‎Olifu,Islander,https://cdn.keycap-archivist.com/keycaps/3723343.jpg
e74620e9,CYSM,‏‏‎ ‎Olifu,Ice Age,https://cdn.keycap-archivist.com/keycaps/e74620e9.jpg
1cc7d29d,CYSM,‏‏‎ ‎Olifu,Santa Ana Volcano,https://cdn.keycap-archivist.com/keycaps/1cc7d29d.jpg
91be67c3,CYSM,‏‏‎ ‎Olifu,Supervolcano,https://cdn.keycap-archivist.com/keycaps/91be67c3.jpg
190dd918,CYSM,‏‏‎ ‎Olifu,Hotpot Shabu Shabu,https://cdn.keycap-archivist.com/keycaps/190dd918.jpg
8d4ca7ec,CYSM,‏‏‎ ‎Olifu,Red Hanami Dango,https://cdn.keycap-archivist.com/keycaps/8d4ca7ec.jpg
3c471053,CYSM,‏‏‎ ‎Olifu,White Hanami Dango,https://cdn.keycap-archivist.com/keycaps/3c471053.jpg
caa67283,CYSM,‏‏‎ ‎Olifu,Green Hanami Dango,https://cdn.keycap-archivist.com/keycaps/caa67283.jpg
9cdf4e33,CYSM,‏‏‎ ‎Olifu,Innisfree,https://cdn.keycap-archivist.com/keycaps/9cdf4e33.jpg
e5a18684,CYSM,‏‏‎ ‎Olifu,White Rabbit,https://cdn.keycap-archivist.com/keycaps/e5a18684.jpg
7403fb77,CYSM,‏‏‎ ‎Olifu,Greasy Hands,https://cdn.keycap-archivist.com/keycaps/7403fb77.jpg
e28e59b,CYSM,‏‏‎ ‎Olifu,Alfa Rioga,https://cdn.keycap-archivist.com/keycaps/e28e59b.jpg
962e8c9d,CYSM,‏‏‎ ‎Olifu,Aurora,https://cdn.keycap-archivist.com/keycaps/962e8c9d.jpg
6b7589f6,CYSM,‏‏‎ ‎Olifu,Amethyst,https://cdn.keycap-archivist.com/keycaps/6b7589f6.jpg
fe3ea735,CYSM,‏‏‎ ‎Olifu,Quartz,https://cdn.keycap-archivist.com/keycaps/fe3ea735.jpg
b9f37ef5,CYSM,‏‏‎ ‎Olifu,Peridot,https://cdn.keycap-archivist.com/keycaps/b9f37ef5.jpg
189693e9,CYSM,‏‏‎ ‎Olifu,Purple Dash,https://cdn.keycap-archivist.com/keycaps/189693e9.jpg
54147f9a,CYSM,‏‏‎ ‎Olifu,Graen Apple,https://cdn.keycap-archivist.com/keycaps/54147f9a.jpg
b95d5587,CYSM,‏‏‎ ‎Olifu,Raed Apple,https://cdn.keycap-archivist.com/keycaps/b95d5587.jpg
64c154b5,CYSM,‏‏‎ ‎Olifu,Olympian,https://cdn.keycap-archivist.com/keycaps/64c154b5.jpg
af945800,CYSM,‏‏‎ ‎Olifu,Dolchie,https://cdn.keycap-archivist.com/keycaps/af945800.jpg
936315d7,CYSM,‏‏‎ ‎Olifu,Very Peri,https://cdn.keycap-archivist.com/keycaps/936315d7.jpg
22266616,CYSM,‏‏‎ ‎Olifu,Teradrive,https://cdn.keycap-archivist.com/keycaps/22266616.jpg
255106b,CYSM,‏‏‎ ‎Olifu,16-BIT ENTMT SYS,https://cdn.keycap-archivist.com/keycaps/255106b.jpg
87a55c17,CYSM,‏‏‏‎ ‎‎Luna,Full Moon,https://cdn.keycap-archivist.com/keycaps/87a55c17.jpg
7e04cf2c,CYSM,‏‏‏‎ ‎‎Luna,New Moon,https://cdn.keycap-archivist.com/keycaps/7e04cf2c.jpg
e26e4e97,CYSM,‏‏‏‎ ‎‎Luna,Very Peri,https://cdn.keycap-archivist.com/keycaps/e26e4e97.jpg
dbf39b3b,CYSM,‏‏‏‎ ‎‎Luna,Teradrive,https://cdn.keycap-archivist.com/keycaps/dbf39b3b.jpg
2a1b188e,CYSM,‏‏‏‎ ‎‎Luna,16-BIT ENTMT SYS,https://cdn.keycap-archivist.com/keycaps/2a1b188e.jpg
6fa0184,CYSM,‏‏‎ ‎Boba,OG,https://cdn.keycap-archivist.com/keycaps/6fa0184.jpg
3984fb94,CYSM,‏‏‎ ‎Boba,Matcha,https://cdn.keycap-archivist.com/keycaps/3984fb94.jpg
230b7c67,CYSM,‏‏‎ ‎Boba,Honey,https://cdn.keycap-archivist.com/keycaps/230b7c67.jpg
deba7d80,CYSM,‏‏‎ ‎Boba,Strawberry,https://cdn.keycap-archivist.com/keycaps/deba7d80.jpg
bbb18903,CYSM,‏‏‎ ‎Boba,Taro,https://cdn.keycap-archivist.com/keycaps/bbb18903.jpg
39ca6135,CYSM,‏‏‎ ‎Boba,Blissful,https://cdn.keycap-archivist.com/keycaps/39ca6135.jpg
8dbd388a,CYSM,‏‏‎ ‎Boba,Classic Blue,https://cdn.keycap-archivist.com/keycaps/8dbd388a.jpg
365fc3f9,CYSM,‏‏‎ ‎Boba,Tiffany,https://cdn.keycap-archivist.com/keycaps/365fc3f9.jpg
c01b5452,CYSM,‏‏‎ ‎Boba,Bath Bomb,https://cdn.keycap-archivist.com/keycaps/c01b5452.jpg
616fcd80,CYSM,‏‏‎ ‎Boba,Milo,https://cdn.keycap-archivist.com/keycaps/616fcd80.jpg
83202aa3,CYSM,‏‏‎ ‎Boba,Algae Bloom,https://cdn.keycap-archivist.com/keycaps/83202aa3.jpg
6e741cc1,CYSM,‏‏‎ ‎Boba,Spilled Bingsu,https://cdn.keycap-archivist.com/keycaps/6e741cc1.jpg
c7c1ecf7,CYSM,‏‏‎ ‎Boba,Noel,https://cdn.keycap-archivist.com/keycaps/c7c1ecf7.jpg
455e80ce,CYSM,‏‏‎ ‎Boba,Islander,https://cdn.keycap-archivist.com/keycaps/455e80ce.jpg
5e08a8ef,CYSM,‏‏‎ ‎Boba,Dolch & Gabbana,https://cdn.keycap-archivist.com/keycaps/5e08a8ef.jpg
7faa032f,CYSM,‏‏‎ ‎Boba,White Rabbit,https://cdn.keycap-archivist.com/keycaps/7faa032f.jpg
17444b54,CYSM,‏‏‎ ‎Boba,Greasy Hand,https://cdn.keycap-archivist.com/keycaps/17444b54.jpg
a3344df6,CYSM,‏‏‎ ‎Boba,Alfa Rioga,https://cdn.keycap-archivist.com/keycaps/a3344df6.jpg
70a14b1c,CYSM,‏‏‎ ‎Boba,Dolchie,https://cdn.keycap-archivist.com/keycaps/70a14b1c.jpg
715bddb9,CYSM,‏‏‎ ‎Boba,Nordic Sea Grey,https://cdn.keycap-archivist.com/keycaps/715bddb9.jpg
3ab3343,CYSM,‏‏‎ ‎Boba,Ocean Foam,https://cdn.keycap-archivist.com/keycaps/3ab3343.jpg
4801cdc4,CYSM,‏‏‎ ‎Boba,Ocean during Dawn,https://cdn.keycap-archivist.com/keycaps/4801cdc4.jpg
19d1d06f,CYSM,‏‏‎ ‎Boba,Tahitian Reef,https://cdn.keycap-archivist.com/keycaps/19d1d06f.jpg
9e806b99,CYSM,‏‏‎ ‏‏‎ ‎‎Lickiton,Banana,https://cdn.keycap-archivist.com/keycaps/9e806b99.jpg
fee28b73,CYSM,‏‏‎ ‏‏‎ ‎‎Lickiton,Mint,https://cdn.keycap-archivist.com/keycaps/fee28b73.jpg
5da18a27,CYSM,‏‏‎ ‏‏‎ ‎‎Lickiton,Blueberry,https://cdn.keycap-archivist.com/keycaps/5da18a27.jpg
fa1e0905,CYSM,‏‏‎ ‏‏‎ ‎‎Lickiton,Yam,https://cdn.keycap-archivist.com/keycaps/fa1e0905.jpg
f498fda0,CYSM,‏‏‎ ‏‏‎ ‎‎Lickiton,Strawberry,https://cdn.keycap-archivist.com/keycaps/f498fda0.jpg
b5f158a2,CYSM,‏‏‎ ‏‏‎ ‎‎Lickiton,Starry,https://cdn.keycap-archivist.com/keycaps/b5f158a2.jpg
8b4ddb98,CYSM,‏‏‎ ‏‏‎ ‎‎Lickiton,Bunga,https://cdn.keycap-archivist.com/keycaps/8b4ddb98.jpg
a92f0a55,CYSM,‏‏‎ ‏‏‎ ‎‎Lickiton,Rumput,https://cdn.keycap-archivist.com/keycaps/a92f0a55.jpg
6074fe8d,CYSM,‏‏‎ ‏‏‎ ‎‎Lickiton,Vanilla,https://cdn.keycap-archivist.com/keycaps/6074fe8d.jpg
6c958eda,CYSM,‏‏‎ ‏‏‎ ‎‎Lickiton,Salmon,https://cdn.keycap-archivist.com/keycaps/6c958eda.jpg
593ac8e3,CYSM,‏‏‎ ‏‏‎ ‎‎Lickiton,Australian Beef,https://cdn.keycap-archivist.com/keycaps/593ac8e3.jpg
607d4621,CYSM,‏‏‎ ‏‏‎ ‎‎Lickiton,Nantes Carrot,https://cdn.keycap-archivist.com/keycaps/607d4621.jpg
c33bf4be,CYSM,‏‏‎ ‏‏‎ ‎‎Lickiton,Mustard,https://cdn.keycap-archivist.com/keycaps/c33bf4be.jpg
26260273,CYSM,‏‏‎ ‏‏‎ ‎‎Lickiton,Jalapeño Pepper,https://cdn.keycap-archivist.com/keycaps/26260273.jpg
2e600fac,CYSM,‏‏‎ ‏‏‎ ‎‎Lickiton,Sky Juice,https://cdn.keycap-archivist.com/keycaps/2e600fac.jpg
a1f90bdc,CYSM,‏‏‎ ‏‏‎ ‎‎Lickiton,Pulut Taitai,https://cdn.keycap-archivist.com/keycaps/a1f90bdc.jpg
4eaf4bb,CYSM,‏‏‎ ‏‏‎ ‎‎Lickiton,Purple Cabbage,https://cdn.keycap-archivist.com/keycaps/4eaf4bb.jpg
60e1ead4,CYSM,‏‏‎ ‏‏‎ ‎‎Lickiton,No Face,https://cdn.keycap-archivist.com/keycaps/60e1ead4.jpg
f05ef745,CYSM,‏‏‎ ‏‏‎ ‎‎Lickiton,No Face,https://cdn.keycap-archivist.com/keycaps/f05ef745.jpg
8759c7d3,CYSM,‏‏‎ ‏‏‎ ‎‎Lickiton,No Face,https://cdn.keycap-archivist.com/keycaps/8759c7d3.jpg
51ce240a,CYSM,‏‏‎ ‏‏‎ ‎‎Lickiton,Marbled,https://cdn.keycap-archivist.com/keycaps/51ce240a.jpg
191c0cd8,CYSM,‏‏‎ ‏‏‎ ‎‎Lickiton,Crystal Meth,https://cdn.keycap-archivist.com/keycaps/191c0cd8.jpg
e6853e84,CYSM,‏‏‎ ‏‏‎ ‎‎Lickiton,Glitter,https://cdn.keycap-archivist.com/keycaps/e6853e84.jpg
4f273b45,CYSM,‏‏‎ ‏‏‎ ‎‎Lickiton,Classic Blue,https://cdn.keycap-archivist.com/keycaps/4f273b45.jpg
5acc0b13,CYSM,‏‏‎ ‏‏‎ ‎‎Noic,Vanilla,https://cdn.keycap-archivist.com/keycaps/5acc0b13.jpg
6fea5681,CYSM,‏‏‎ ‏‏‎ ‎‎Noic,Salmon,https://cdn.keycap-archivist.com/keycaps/6fea5681.jpg
b50af54a,CYSM,‏‏‎ ‏‏‎ ‎‎Noic,Australian Beef,https://cdn.keycap-archivist.com/keycaps/b50af54a.jpg
49c105ee,CYSM,‏‏‎ ‏‏‎ ‎‎Noic,Nantes Carrot,https://cdn.keycap-archivist.com/keycaps/49c105ee.jpg
7c19e6ca,CYSM,‏‏‎ ‏‏‎ ‎‎Noic,Mustard,https://cdn.keycap-archivist.com/keycaps/7c19e6ca.jpg
e7458d46,CYSM,‏‏‎ ‏‏‎ ‎‎Noic,Jalapeño Pepper,https://cdn.keycap-archivist.com/keycaps/e7458d46.jpg
690a02cb,CYSM,‏‏‎ ‏‏‎ ‎‎Noic,Sky Juice,https://cdn.keycap-archivist.com/keycaps/690a02cb.jpg
13a8fbdf,CYSM,‏‏‎ ‏‏‎ ‎‎Noic,Pulut Taitai,https://cdn.keycap-archivist.com/keycaps/13a8fbdf.jpg
d108a35c,CYSM,‏‏‎ ‏‏‎ ‎‎Noic,Purple Cabbage,https://cdn.keycap-archivist.com/keycaps/d108a35c.jpg
64b68410,CYSM,‏‏‎ ‏‏‎ ‎‎Noic,No Face,https://cdn.keycap-archivist.com/keycaps/64b68410.jpg
205b8fc7,CYSM,‏‏‎ ‏‏‎ ‎‎Noic,Crystal Meth,https://cdn.keycap-archivist.com/keycaps/205b8fc7.jpg
684b0d59,CYSM,‏‏‎ ‏‏‎ ‎‎Noic,SCP - 696969,https://cdn.keycap-archivist.com/keycaps/684b0d59.jpg
68535a35,CYSM,‏‏‎ ‏‏‎ ‎‎Noic,Dolch & Gabanna,https://cdn.keycap-archivist.com/keycaps/68535a35.jpg
b9e49198,CYSM,‏‏‎ ‎‏‏‎ ‎Bare Bear,Ice Bear North Pole,https://cdn.keycap-archivist.com/keycaps/b9e49198.jpg
c928f3e1,CYSM,‏‏‎ ‎‏‏‎ ‎Bare Bear,Grizz North Pole,https://cdn.keycap-archivist.com/keycaps/c928f3e1.jpg
d6004db1,CYSM,‏‏‎ ‎‏‏‎ ‎Bare Bear,Pan-pan NorthPole,https://cdn.keycap-archivist.com/keycaps/d6004db1.jpg
50863749,CYSM,‏‏‎ ‎‏‏‎ ‎Bare Bear,Ice Bear South Pole,https://cdn.keycap-archivist.com/keycaps/50863749.jpg
c929f005,CYSM,‏‏‎ ‎‏‏‎ ‎Bare Bear,Grizz South Pole,https://cdn.keycap-archivist.com/keycaps/c929f005.jpg
d855dd7d,CYSM,‏‏‎ ‎‏‏‎ ‎Bare Bear,Pan-pan South Pole,https://cdn.keycap-archivist.com/keycaps/d855dd7d.jpg
3ae4e793,CYSM,‏‏‎ ‎‏‏‎ ‎Ice Cube,OG Clear,https://cdn.keycap-archivist.com/keycaps/3ae4e793.jpg
819b4a73,CYSM,‏‏‎ ‎‏‏‎ ‎Ice Cube,Milk,https://cdn.keycap-archivist.com/keycaps/819b4a73.jpg
5b134d1e,CYSM,‏‏‎ ‎‏‏‎ ‎Ice Cube,Syrup Bandung,https://cdn.keycap-archivist.com/keycaps/5b134d1e.jpg
16ebb295,CYSM,‏‏‎ ‎‏‏‎ ‎Ice Cube,Lime,https://cdn.keycap-archivist.com/keycaps/16ebb295.jpg
ec3def0,CYSM,‏‏‎ ‎‏‏‎ ‎Ice Cube,Grape Vitagen,https://cdn.keycap-archivist.com/keycaps/ec3def0.jpg
2638eef6,CYSM,‏‏‎ ‎‏‏‎ ‎Ice Cube,Salmon,https://cdn.keycap-archivist.com/keycaps/2638eef6.jpg
19eb5d05,CYSM,‏‏‎ ‎‏‏‎ ‎Ice Cube,Vanilla,https://cdn.keycap-archivist.com/keycaps/19eb5d05.jpg
49518b79,CYSM,‏‏‎ ‎‏‏‎ ‎Ice Cube,Australian Beef,https://cdn.keycap-archivist.com/keycaps/49518b79.jpg
902696af,CYSM,‏‏‎ ‎‏‏‎ ‎Ice Cube,Nantes Carrot,https://cdn.keycap-archivist.com/keycaps/902696af.jpg
a8ec6954,CYSM,‏‏‎ ‎‏‏‎ ‎Ice Cube,Mustard,https://cdn.keycap-archivist.com/keycaps/a8ec6954.jpg
4af2bcb6,CYSM,‏‏‎ ‎‏‏‎ ‎Ice Cube,Jalapeño Pepper,https://cdn.keycap-archivist.com/keycaps/4af2bcb6.jpg
b469a7ae,CYSM,‏‏‎ ‎‏‏‎ ‎Ice Cube,Sky Juice,https://cdn.keycap-archivist.com/keycaps/b469a7ae.jpg
14c534fc,CYSM,‏‏‎ ‎‏‏‎ ‎Ice Cube,Pulut Taitai,https://cdn.keycap-archivist.com/keycaps/14c534fc.jpg
522daa12,CYSM,‏‏‎ ‎‏‏‎ ‎Ice Cube,Purple Cabbage,https://cdn.keycap-archivist.com/keycaps/522daa12.jpg
84710251,CYSM,‏‏‎ ‎‏‏‎ ‎Ice Cube,No Face,https://cdn.keycap-archivist.com/keycaps/84710251.jpg
2993b19b,CYSM,‏‏‎ ‎‏‏‎ ‎Ice Cube,StarburstUniverse,https://cdn.keycap-archivist.com/keycaps/2993b19b.jpg
870d603b,CYSM,‏‏‎ ‎‏‏‎ ‎Ice Cube,Crystal Meth,https://cdn.keycap-archivist.com/keycaps/870d603b.jpg
9b73c4c5,CYSM,‏‏‎ ‎‏‏‎ ‎Ice Cube,Milk Infused,https://cdn.keycap-archivist.com/keycaps/9b73c4c5.jpg
d8801b8d,CYSM,‏‏‎ ‎‏‏‎ ‎Ice Cube,Classic Blue,https://cdn.keycap-archivist.com/keycaps/d8801b8d.jpg
af872b1b,CYSM,‏‏‎ ‎‏‏‎ ‎Ice Cube,Classic Blue,https://cdn.keycap-archivist.com/keycaps/af872b1b.jpg
3262b0af,CYSM,‏‏‎ ‎‏‏‎ ‎Ice Cube,Cold Hearted Bitch,https://cdn.keycap-archivist.com/keycaps/3262b0af.jpg
b69ac4c2,CYSM,‏‏‎ ‎‏‏‎ ‎Ice Cube,Sweetheart,https://cdn.keycap-archivist.com/keycaps/b69ac4c2.jpg
7717c155,CYSM,‏‏‎ ‎‏‏‎ ‎Ice Cube,Milo,https://cdn.keycap-archivist.com/keycaps/7717c155.jpg
1f258c18,CYSM,‏‏‎ ‎‏‏‎ ‎Ice Cube,Milo Kotak,https://cdn.keycap-archivist.com/keycaps/1f258c18.jpg
3ee337e6,CYSM,‏‏‎ ‎‏‏‎ ‎Ice Cube,Algae Bloom,https://cdn.keycap-archivist.com/keycaps/3ee337e6.jpg
1a6d61c,CYSM,‏‏‎ ‎‏‏‎ ‎Ice Cube,Spilled Bingsu,https://cdn.keycap-archivist.com/keycaps/1a6d61c.jpg
a63d0304,CYSM,‏‏‎ ‎‏‏‎ ‎Ice Cube,Dawn,https://cdn.keycap-archivist.com/keycaps/a63d0304.jpg
8b2325ed,CYSM,‏‏‎ ‎‏‏‎ ‎Ice Cube,Dusk,https://cdn.keycap-archivist.com/keycaps/8b2325ed.jpg
2110afd,CYSM,‏‏‎ ‎‏‏‎ ‎Ice Cube,Islander,https://cdn.keycap-archivist.com/keycaps/2110afd.jpg
9b4133b0,CYSM,‏‏‎ ‎‏‏‎ ‎Ice Cube,Innisfree,https://cdn.keycap-archivist.com/keycaps/9b4133b0.jpg
e17a0287,CYSM,‏‏‎ ‎‏‏‎ ‎Ice Cube,Aurora Light,https://cdn.keycap-archivist.com/keycaps/e17a0287.jpg
47dbdf87,CYSM,‏‏‎ ‎‏‏‎ ‎Ice Cube,Aurora Dark,https://cdn.keycap-archivist.com/keycaps/47dbdf87.jpg
2e5daa8,CYSM,‏‏‎ ‎‏‏‎ ‎Ice Cube,Ribenna,https://cdn.keycap-archivist.com/keycaps/2e5daa8.jpg
67005ac9,CYSM,‏‏‎ ‎‏‏‎ ‎Ice Cube,Olympian,https://cdn.keycap-archivist.com/keycaps/67005ac9.jpg
ce55bf9e,CYSM,‏‏‎ ‎Avo,OG Fresh,https://cdn.keycap-archivist.com/keycaps/ce55bf9e.jpg
c21902b6,CYSM,‏‏‎ ‎Avo,Ripe,https://cdn.keycap-archivist.com/keycaps/c21902b6.jpg
d876f81d,CYSM,‏‏‎ ‎Avo,Tamago,https://cdn.keycap-archivist.com/keycaps/d876f81d.jpg
805f0bb,CYSM,‏‏‎ ‎Avo,Groom,https://cdn.keycap-archivist.com/keycaps/805f0bb.jpg
920b69a6,CYSM,‏‏‎ ‎Avo,Bride,https://cdn.keycap-archivist.com/keycaps/920b69a6.jpg
2972d199,CYSM,‏‏‎ ‎Avo,Blissful,https://cdn.keycap-archivist.com/keycaps/2972d199.jpg
7ef554f3,CYSM,‏‏‎ ‎Avo,Classic Blue,https://cdn.keycap-archivist.com/keycaps/7ef554f3.jpg
1004e948,CYSM,‏‏‎ ‎Avo,Strawberry,https://cdn.keycap-archivist.com/keycaps/1004e948.jpg
c08f070c,CYSM,‏‏‎ ‎Avo,Cucumber,https://cdn.keycap-archivist.com/keycaps/c08f070c.jpg
7cd6180a,CYSM,‏‏‎ ‎Avo,Kiwi,https://cdn.keycap-archivist.com/keycaps/7cd6180a.jpg
972b947,CYSM,‏‏‎ ‎Avo,Coconut,https://cdn.keycap-archivist.com/keycaps/972b947.jpg
a7c5f804,CYSM,‏‏‎ ‎Avo,Dragon Fruit,https://cdn.keycap-archivist.com/keycaps/a7c5f804.jpg
51dbc3cb,CYSM,‏‏‎ ‎Avo,Banana,https://cdn.keycap-archivist.com/keycaps/51dbc3cb.jpg
a331331e,CYSM,‏‏‎ ‎Avo,Lemon,https://cdn.keycap-archivist.com/keycaps/a331331e.jpg
9772e3ab,CYSM,‏‏‎ ‎Avo,Watermelon,https://cdn.keycap-archivist.com/keycaps/9772e3ab.jpg
49a8b0ed,CYSM,‏‏‎ ‎Avo,Orange,https://cdn.keycap-archivist.com/keycaps/49a8b0ed.jpg
fa3b190,CYSM,‏‏‎ ‎Avo,Red Apple,https://cdn.keycap-archivist.com/keycaps/fa3b190.jpg
a2483767,CYSM,‏‏‎ ‎Avo,Green Apple,https://cdn.keycap-archivist.com/keycaps/a2483767.jpg
ecec94d5,CYSM,‏‏‎ ‎Avo,Grapefruit,https://cdn.keycap-archivist.com/keycaps/ecec94d5.jpg
b6cfc330,CYSM,‏‏‎ ‎Avo,Unknown,https://cdn.keycap-archivist.com/keycaps/b6cfc330.jpg
e760ba84,CYSM,‏‏‎ ‎Avo,Alfa Rioga,https://cdn.keycap-archivist.com/keycaps/e760ba84.jpg
fad478f2,CYSM,‏‏‎ ‎‏‏‎ ‎Moon Bunny,Full Moon,https://cdn.keycap-archivist.com/keycaps/fad478f2.jpg
7f4c3c86,CYSM,‏‏‎ ‎‏‏‎ ‎Moon Bunny,NASA,https://cdn.keycap-archivist.com/keycaps/7f4c3c86.jpg
8dd7beb5,CYSM,‏‏‎ ‎‏‏‎ ‎Moon Bunny,Galaxy,https://cdn.keycap-archivist.com/keycaps/8dd7beb5.jpg
e1055d7,CYSM,‏‏‎ ‎‏‏‎ ‎Moon Bunny,Saturn,https://cdn.keycap-archivist.com/keycaps/e1055d7.jpg
9c266768,CYSM,‏‏‎ ‎‏‏‎ ‎Moon Bunny,Blood Moon,https://cdn.keycap-archivist.com/keycaps/9c266768.jpg
13ddf3e5,CYSM,‏‏‎ ‎‏‏‎ ‎Booo (Cold Fingers),Salmon,https://cdn.keycap-archivist.com/keycaps/13ddf3e5.jpg
7e739820,CYSM,‏‏‎ ‎‏‏‎ ‎Booo (Cold Fingers),Vanilla,https://cdn.keycap-archivist.com/keycaps/7e739820.jpg
a8cef152,CYSM,‏‏‎ ‎‏‏‎ ‎Booo (Cold Fingers),Australian Beef,https://cdn.keycap-archivist.com/keycaps/a8cef152.jpg
81ab9669,CYSM,‏‏‎ ‎‏‏‎ ‎Booo (Cold Fingers),Nantes Carrot,https://cdn.keycap-archivist.com/keycaps/81ab9669.jpg
2fa1456f,CYSM,‏‏‎ ‎‏‏‎ ‎Booo (Cold Fingers),Mustard,https://cdn.keycap-archivist.com/keycaps/2fa1456f.jpg
f434d114,CYSM,‏‏‎ ‎‏‏‎ ‎Booo (Cold Fingers),Jalapeño Pepper,https://cdn.keycap-archivist.com/keycaps/f434d114.jpg
f5a5eb8d,CYSM,‏‏‎ ‎‏‏‎ ‎Booo (Cold Fingers),Sky Juice,https://cdn.keycap-archivist.com/keycaps/f5a5eb8d.jpg
ae6afced,CYSM,‏‏‎ ‎‏‏‎ ‎Booo (Cold Fingers),Pulut Taitai,https://cdn.keycap-archivist.com/keycaps/ae6afced.jpg
a21cdf4c,CYSM,‏‏‎ ‎‏‏‎ ‎Booo (Cold Fingers),Purple Cabbage,https://cdn.keycap-archivist.com/keycaps/a21cdf4c.jpg
2be95f37,CYSM,‏‏‎ ‎‏‏‎ ‎Avo Blank,OG Fresh,https://cdn.keycap-archivist.com/keycaps/2be95f37.jpg
66130dbe,CYSM,‏‏‎ ‎‏‏‎ ‎Avo Blank,Ripe,https://cdn.keycap-archivist.com/keycaps/66130dbe.jpg
8010cb8e,CYSM,‏‏‎ ‎‏‏‎ ‎Avo Blank,Tamago,https://cdn.keycap-archivist.com/keycaps/8010cb8e.jpg
f0ed110,CYSM,‏‏‎ ‎‏‏‎ ‎Avo Blank,Classic Blue,https://cdn.keycap-archivist.com/keycaps/f0ed110.jpg
70b573a4,CYSM,‏‏‎ ‎‏‏‎ ‎Avo Blank,CB + White Yolk,https://cdn.keycap-archivist.com/keycaps/70b573a4.jpg
bcd0d5c,CYSM,‏‏‎ ‎‏‏‎ ‎Yule Blank,Christmas,https://cdn.keycap-archivist.com/keycaps/bcd0d5c.jpg
ce65c483,CYSM,‏‏‎ ‎‏‏‎ ‎Yule Blank,Merry,https://cdn.keycap-archivist.com/keycaps/ce65c483.jpg
f1bb019f,CYSM,‏‏‎ ‎‏‏‎ ‎Yule Blank,Jolly Spirit,https://cdn.keycap-archivist.com/keycaps/f1bb019f.jpg
a994e44c,CYSM,‏‏‎ ‎‏‏‎ ‎Yule Blank,Kit Katz,https://cdn.keycap-archivist.com/keycaps/a994e44c.jpg
954cff6,CYSM,‏‏‎ ‎‏‏‎ ‎Others,Thomas (Green Wavez),https://cdn.keycap-archivist.com/keycaps/954cff6.jpg
cd038502,CYSM,‏‏‎ ‎‏‏‎ ‎Others,Play Button (Green Wavez),https://cdn.keycap-archivist.com/keycaps/cd038502.jpg
e75aaeda,CYSM,‏‏‎ ‎‏‏‎ ‎Others,Thomas (Green Wavez),https://cdn.keycap-archivist.com/keycaps/e75aaeda.jpg
230de42e,CYSM,‏‏‎ ‎‏‏‎ ‎Others,Play Button (Green Wavez),https://cdn.keycap-archivist.com/keycaps/230de42e.jpg
b3a7307d,CYSM,‏‏‎ ‎‏‏‎ ‎Others,CYSM Hot Wheels Truck (1/5),https://cdn.keycap-archivist.com/keycaps/b3a7307d.jpg
4045d9f1,CYSM,‏‏‎ ‎‏‏‎ ‎Others,MONOKEI x CYSM CYSM Keycap,https://cdn.keycap-archivist.com/keycaps/4045d9f1.jpg
9f58acd5,CYSM,‏‏‎ ‎‏‏‎ ‎Others,MONOKEI x CYSM Keyby Keycap,https://cdn.keycap-archivist.com/keycaps/9f58acd5.jpg
e85f9c43,CYSM,‏‏‎ ‎‏‏‎ ‎Others,MONOKEI x CYSM Keyby Keycap,https://cdn.keycap-archivist.com/keycaps/e85f9c43.jpg
