id,artist,sculpt,name,img
615b7d67,DCcaps,Afro Man,Proto,https://cdn.keycap-archivist.com/keycaps/615b7d67.jpg
21ce13d0,DCcaps,Afro Man,OG,https://cdn.keycap-archivist.com/keycaps/21ce13d0.jpg
6a2c0dad,DCcaps,Afro Man v2,OG,https://cdn.keycap-archivist.com/keycaps/6a2c0dad.jpg
13e2cfcd,DCcaps,Afro Man v2,Megamind,https://cdn.keycap-archivist.com/keycaps/13e2cfcd.jpg
667517cd,DCcaps,Ariete,Original,https://cdn.keycap-archivist.com/keycaps/667517cd.jpg
37c2ac4d,DCcaps,Ariete,,https://cdn.keycap-archivist.com/keycaps/37c2ac4d.jpg
aecbfdf7,DCcaps,Ariete,,https://cdn.keycap-archivist.com/keycaps/aecbfdf7.jpg
d9cccd61,DCcaps,Ariete,,https://cdn.keycap-archivist.com/keycaps/d9cccd61.jpg
7be37ee8,DCcaps,Ariete,Valentine,https://cdn.keycap-archivist.com/keycaps/7be37ee8.jpg
e32b0b17,DCcaps,Ariete,Lime,https://cdn.keycap-archivist.com/keycaps/e32b0b17.jpg
c78302ce,DCcaps,Ariete,Carbon,https://cdn.keycap-archivist.com/keycaps/c78302ce.jpg
953bbe5,DCcaps,Ariete,Minty,https://cdn.keycap-archivist.com/keycaps/953bbe5.jpg
1212569b,DCcaps,Astroboy,,https://cdn.keycap-archivist.com/keycaps/1212569b.jpg
6515660d,DCcaps,Astroboy,,https://cdn.keycap-archivist.com/keycaps/6515660d.jpg
fc1c37b7,DCcaps,Astroboy,,https://cdn.keycap-archivist.com/keycaps/fc1c37b7.jpg
daba5b7c,DCcaps,Astroboy,Metropolis,https://cdn.keycap-archivist.com/keycaps/daba5b7c.jpg
d81c132a,DCcaps,Astroboy,Lime,https://cdn.keycap-archivist.com/keycaps/d81c132a.jpg
587074ba,DCcaps,Astroboy,Yuri,https://cdn.keycap-archivist.com/keycaps/587074ba.jpg
7e6529d6,DCcaps,Astroboy,OG,https://cdn.keycap-archivist.com/keycaps/7e6529d6.jpg
4165f022,DCcaps,Astroboy,Nautilus,https://cdn.keycap-archivist.com/keycaps/4165f022.jpg
e9faab5c,DCcaps,Astroboy,Deep Love,https://cdn.keycap-archivist.com/keycaps/e9faab5c.jpg
db465e60,DCcaps,Astroboy,Camping,https://cdn.keycap-archivist.com/keycaps/db465e60.jpg
db926aee,DCcaps,Astroboy,EVA-01,https://cdn.keycap-archivist.com/keycaps/db926aee.jpg
efe433a3,DCcaps,Astroboy,EVA-01 (Variant),https://cdn.keycap-archivist.com/keycaps/efe433a3.jpg
397688cb,DCcaps,Astroboy,Hyperfuse,https://cdn.keycap-archivist.com/keycaps/397688cb.jpg
77e079cd,DCcaps,Astroboy,Gummy A,https://cdn.keycap-archivist.com/keycaps/77e079cd.jpg
fb314380,DCcaps,Astroboy,Gummy B,https://cdn.keycap-archivist.com/keycaps/fb314380.jpg
7a967833,DCcaps,Astroboy,Mono,https://cdn.keycap-archivist.com/keycaps/7a967833.jpg
60358cc8,DCcaps,Astroboy,SUB-155,https://cdn.keycap-archivist.com/keycaps/60358cc8.jpg
84f748b5,DCcaps,Astroboy,Bliss A,https://cdn.keycap-archivist.com/keycaps/84f748b5.jpg
6fdfaca,DCcaps,Astroboy,Bliss B,https://cdn.keycap-archivist.com/keycaps/6fdfaca.jpg
2a87621,DCcaps,Astroboy,Colorchrome,https://cdn.keycap-archivist.com/keycaps/2a87621.jpg
81a01ca5,DCcaps,Astroboy,Classic Beige,https://cdn.keycap-archivist.com/keycaps/81a01ca5.jpg
25b6b8b,DCcaps,Astroboy,Noel,https://cdn.keycap-archivist.com/keycaps/25b6b8b.jpg
6796cf12,DCcaps,Astroboy,Marshmallow Teal,https://cdn.keycap-archivist.com/keycaps/6796cf12.jpg
694d2e00,DCcaps,Astroboy,Marshmallow Yellow,https://cdn.keycap-archivist.com/keycaps/694d2e00.jpg
12ff2127,DCcaps,Astroboy,Marshmallow Pink,https://cdn.keycap-archivist.com/keycaps/12ff2127.jpg
ae73ccf2,DCcaps,Astroboy,Marshmallow Purple,https://cdn.keycap-archivist.com/keycaps/ae73ccf2.jpg
c5f0488c,DCcaps,Baby Dragon,,https://cdn.keycap-archivist.com/keycaps/c5f0488c.jpg
b2f7781a,DCcaps,Baby Dragon,,https://cdn.keycap-archivist.com/keycaps/b2f7781a.jpg
2bfe29a0,DCcaps,Baby Dragon,,https://cdn.keycap-archivist.com/keycaps/2bfe29a0.jpg
f0b9e0d6,DCcaps,Baby Dragon,"Crouching Tiger, Hidden Dragon",https://cdn.keycap-archivist.com/keycaps/f0b9e0d6.jpg
7795246f,DCcaps,Baby Dragon,Lime,https://cdn.keycap-archivist.com/keycaps/7795246f.jpg
411de436,DCcaps,Cat,,https://cdn.keycap-archivist.com/keycaps/411de436.jpg
361ad4a0,DCcaps,Cat,,https://cdn.keycap-archivist.com/keycaps/361ad4a0.jpg
770d80aa,DCcaps,Cat-Dog-Hamster,,https://cdn.keycap-archivist.com/keycaps/770d80aa.jpg
ab03c,DCcaps,Cat-Dog-Hamster,,https://cdn.keycap-archivist.com/keycaps/ab03c.jpg
9903e186,DCcaps,Cat-Dog-Hamster,,https://cdn.keycap-archivist.com/keycaps/9903e186.jpg
ee04d110,DCcaps,Cat-Dog-Hamster,,https://cdn.keycap-archivist.com/keycaps/ee04d110.jpg
c425233e,DCcaps,Chic Cap,,https://cdn.keycap-archivist.com/keycaps/c425233e.jpg
c4a6a2b0,DCcaps,Chipmunk,,https://cdn.keycap-archivist.com/keycaps/c4a6a2b0.jpg
b3a19226,DCcaps,Chipmunk,,https://cdn.keycap-archivist.com/keycaps/b3a19226.jpg
89043e5e,DCcaps,Classic Van,,https://cdn.keycap-archivist.com/keycaps/89043e5e.jpg
fe030ec8,DCcaps,Classic Van,,https://cdn.keycap-archivist.com/keycaps/fe030ec8.jpg
670a5f72,DCcaps,Classic Van,,https://cdn.keycap-archivist.com/keycaps/670a5f72.jpg
100d6fe4,DCcaps,Classic Van,,https://cdn.keycap-archivist.com/keycaps/100d6fe4.jpg
206072bd,DCcaps,Cotton Ball,,https://cdn.keycap-archivist.com/keycaps/206072bd.jpg
5767422b,DCcaps,Cotton Ball,,https://cdn.keycap-archivist.com/keycaps/5767422b.jpg
d1a90f02,DCcaps,Cotton Ball,Snowball,https://cdn.keycap-archivist.com/keycaps/d1a90f02.jpg
ef5484c,DCcaps,Cotton Ball,Cloudy,https://cdn.keycap-archivist.com/keycaps/ef5484c.jpg
4dcc69e7,DCcaps,Cute Cthulhu,,https://cdn.keycap-archivist.com/keycaps/4dcc69e7.jpg
3acb5971,DCcaps,Cute Cthulhu,,https://cdn.keycap-archivist.com/keycaps/3acb5971.jpg
87cea1f4,DCcaps,Dickey,OG,https://cdn.keycap-archivist.com/keycaps/87cea1f4.jpg
85b1ac54,DCcaps,Dickey,,https://cdn.keycap-archivist.com/keycaps/85b1ac54.jpg
736f6860,DCcaps,Dickey,Hyperfuse,https://cdn.keycap-archivist.com/keycaps/736f6860.jpg
a184929e,DCcaps,Dog,,https://cdn.keycap-archivist.com/keycaps/a184929e.jpg
de6c57a8,DCcaps,Dog,Hyperfuse,https://cdn.keycap-archivist.com/keycaps/de6c57a8.jpg
4f8af3b2,DCcaps,Dog,,https://cdn.keycap-archivist.com/keycaps/4f8af3b2.jpg
e6e7bb71,DCcaps,Hipooo,,https://cdn.keycap-archivist.com/keycaps/e6e7bb71.jpg
85936731,DCcaps,Mini Reaper,,https://cdn.keycap-archivist.com/keycaps/85936731.jpg
f29457a7,DCcaps,Mini Reaper,,https://cdn.keycap-archivist.com/keycaps/f29457a7.jpg
6b9d061d,DCcaps,Mini Reaper,,https://cdn.keycap-archivist.com/keycaps/6b9d061d.jpg
1c9a368b,DCcaps,Mini Reaper,,https://cdn.keycap-archivist.com/keycaps/1c9a368b.jpg
82fea328,DCcaps,Mini Reaper,,https://cdn.keycap-archivist.com/keycaps/82fea328.jpg
f5f993be,DCcaps,Mini Reaper,,https://cdn.keycap-archivist.com/keycaps/f5f993be.jpg
f660f3d1,DCcaps,Mini Reaper v2,,https://cdn.keycap-archivist.com/keycaps/f660f3d1.jpg
8167c347,DCcaps,Mini Reaper v2,,https://cdn.keycap-archivist.com/keycaps/8167c347.jpg
186e92fd,DCcaps,Mini Reaper v2,,https://cdn.keycap-archivist.com/keycaps/186e92fd.jpg
6f69a26b,DCcaps,Mini Reaper v2,,https://cdn.keycap-archivist.com/keycaps/6f69a26b.jpg
f10d37c8,DCcaps,Mini Reaper v2,,https://cdn.keycap-archivist.com/keycaps/f10d37c8.jpg
860a075e,DCcaps,Mini Reaper v2,,https://cdn.keycap-archivist.com/keycaps/860a075e.jpg
1f0356e4,DCcaps,Mini Reaper v2,,https://cdn.keycap-archivist.com/keycaps/1f0356e4.jpg
2e22bf47,DCcaps,Mini Reaper v2,Kurenai,https://cdn.keycap-archivist.com/keycaps/2e22bf47.jpg
9043e00a,DCcaps,Mini Reaper v2,Cupid,https://cdn.keycap-archivist.com/keycaps/9043e00a.jpg
37d97550,DCcaps,Mini Reaper v2,Lime,https://cdn.keycap-archivist.com/keycaps/37d97550.jpg
55129d65,DCcaps,Mini Reaper v2,Deep Sea,https://cdn.keycap-archivist.com/keycaps/55129d65.jpg
f77157bf,DCcaps,Mini Reaper v2,Blue Lagoon,https://cdn.keycap-archivist.com/keycaps/f77157bf.jpg
872b616b,DCcaps,Mini Reaper v2,Electro Funk,https://cdn.keycap-archivist.com/keycaps/872b616b.jpg
9cbc7ff3,DCcaps,Mini Reaper v2,Orange and Black,https://cdn.keycap-archivist.com/keycaps/9cbc7ff3.jpg
1bec4687,DCcaps,Mini Reaper v2,Pastel,https://cdn.keycap-archivist.com/keycaps/1bec4687.jpg
708c0889,DCcaps,Mini Reaper v2,Monochrome,https://cdn.keycap-archivist.com/keycaps/708c0889.jpg
cdbe36a6,DCcaps,Mini Reaper v2,Minty-Strawberry,https://cdn.keycap-archivist.com/keycaps/cdbe36a6.jpg
9e41d8b6,DCcaps,Mini Reaper v2,Patriot,https://cdn.keycap-archivist.com/keycaps/9e41d8b6.jpg
73af9ba0,DCcaps,Mini Reaper v2,1976,https://cdn.keycap-archivist.com/keycaps/73af9ba0.jpg
fe5c2ef5,DCcaps,Mini Reaper v2,Hana,https://cdn.keycap-archivist.com/keycaps/fe5c2ef5.jpg
77176f7d,DCcaps,Mini Reaper v2,Green Mamba,https://cdn.keycap-archivist.com/keycaps/77176f7d.jpg
25144566,DCcaps,Mini Reaper v2,Bellini,https://cdn.keycap-archivist.com/keycaps/25144566.jpg
536cd35c,DCcaps,Mini Reaper v2,Bloody Mary,https://cdn.keycap-archivist.com/keycaps/536cd35c.jpg
594fc93b,DCcaps,MooMoo,OG,https://cdn.keycap-archivist.com/keycaps/594fc93b.jpg
4b370c0d,DCcaps,MooMoo,Cocoa,https://cdn.keycap-archivist.com/keycaps/4b370c0d.jpg
a1a9f692,DCcaps,NightOwl,Gem,https://cdn.keycap-archivist.com/keycaps/a1a9f692.jpg
c9bf6904,DCcaps,NightOwl,Miami,https://cdn.keycap-archivist.com/keycaps/c9bf6904.jpg
243cd16e,DCcaps,NightOwl,Hyperfuse,https://cdn.keycap-archivist.com/keycaps/243cd16e.jpg
c4aeb45c,DCcaps,NightOwl,Black on Black,https://cdn.keycap-archivist.com/keycaps/c4aeb45c.jpg
98439ca9,DCcaps,NightOwl,Deep Ocean,https://cdn.keycap-archivist.com/keycaps/98439ca9.jpg
d1567b92,DCcaps,NightOwl,Valentine,https://cdn.keycap-archivist.com/keycaps/d1567b92.jpg
54f46a2,DCcaps,NightOwl,Valentine Redux,https://cdn.keycap-archivist.com/keycaps/54f46a2.jpg
1f281241,DCcaps,NightOwl,1976,https://cdn.keycap-archivist.com/keycaps/1f281241.jpg
fad53884,DCcaps,NightOwl,Kurenai,https://cdn.keycap-archivist.com/keycaps/fad53884.jpg
7bdcaf8c,DCcaps,NightOwl,Monochrome,https://cdn.keycap-archivist.com/keycaps/7bdcaf8c.jpg
8cbb8574,DCcaps,NightOwl,Minty-Strawberry,https://cdn.keycap-archivist.com/keycaps/8cbb8574.jpg
aa4274b5,DCcaps,NightOwl,Burgundy,https://cdn.keycap-archivist.com/keycaps/aa4274b5.jpg
1b42b34b,DCcaps,NightOwl,Laser,https://cdn.keycap-archivist.com/keycaps/1b42b34b.jpg
1082fb5f,DCcaps,NightOwl,,https://cdn.keycap-archivist.com/keycaps/1082fb5f.jpg
8ee66efc,DCcaps,NightOwl,,https://cdn.keycap-archivist.com/keycaps/8ee66efc.jpg
f9e15e6a,DCcaps,NightOwl,,https://cdn.keycap-archivist.com/keycaps/f9e15e6a.jpg
a7bc7c2d,DCcaps,NightOwl,Rain Drop,https://cdn.keycap-archivist.com/keycaps/a7bc7c2d.jpg
c7d531d3,DCcaps,NightOwl,Hana,https://cdn.keycap-archivist.com/keycaps/c7d531d3.jpg
875022d7,DCcaps,NightOwl,,https://cdn.keycap-archivist.com/keycaps/875022d7.jpg
13057d76,DCcaps,Old Bloke,Proto,https://cdn.keycap-archivist.com/keycaps/13057d76.jpg
89b8aab4,DCcaps,Old Bloke,Original,https://cdn.keycap-archivist.com/keycaps/89b8aab4.jpg
1507edaf,DCcaps,Old Bloke v2,Original,https://cdn.keycap-archivist.com/keycaps/1507edaf.jpg
dc51a639,DCcaps,Orc,,https://cdn.keycap-archivist.com/keycaps/dc51a639.jpg
ab5696af,DCcaps,Orc,,https://cdn.keycap-archivist.com/keycaps/ab5696af.jpg
325fc715,DCcaps,Orc,,https://cdn.keycap-archivist.com/keycaps/325fc715.jpg
b5484aac,DCcaps,Piggie,Original,https://cdn.keycap-archivist.com/keycaps/b5484aac.jpg
fb51a7be,DCcaps,Piggie,Lime,https://cdn.keycap-archivist.com/keycaps/fb51a7be.jpg
2c53cef0,DCcaps,Piggie,Monochrome,https://cdn.keycap-archivist.com/keycaps/2c53cef0.jpg
c6213f4b,DCcaps,Piggie,,https://cdn.keycap-archivist.com/keycaps/c6213f4b.jpg
5845aae8,DCcaps,Piggie,,https://cdn.keycap-archivist.com/keycaps/5845aae8.jpg
2f429a7e,DCcaps,Piggie,,https://cdn.keycap-archivist.com/keycaps/2f429a7e.jpg
b64bcbc4,DCcaps,Piggie,,https://cdn.keycap-archivist.com/keycaps/b64bcbc4.jpg
7b2ccc6e,DCcaps,Sad Cat,,https://cdn.keycap-archivist.com/keycaps/7b2ccc6e.jpg
c2bfcf8,DCcaps,Sad Cat,,https://cdn.keycap-archivist.com/keycaps/c2bfcf8.jpg
9522ad42,DCcaps,Sad Cat,,https://cdn.keycap-archivist.com/keycaps/9522ad42.jpg
e2259dd4,DCcaps,Sad Cat,,https://cdn.keycap-archivist.com/keycaps/e2259dd4.jpg
d9eab06d,DCcaps,Stuart,Original,https://cdn.keycap-archivist.com/keycaps/d9eab06d.jpg
2267d0e,DCcaps,Tusky,OG,https://cdn.keycap-archivist.com/keycaps/2267d0e.jpg
619e0b4b,DCcaps,Tusky,,https://cdn.keycap-archivist.com/keycaps/619e0b4b.jpg
f8975af1,DCcaps,Tusky,,https://cdn.keycap-archivist.com/keycaps/f8975af1.jpg
8f906a67,DCcaps,Tusky,,https://cdn.keycap-archivist.com/keycaps/8f906a67.jpg
11f4ffc4,DCcaps,Tusky,,https://cdn.keycap-archivist.com/keycaps/11f4ffc4.jpg
66f3cf52,DCcaps,Tusky,,https://cdn.keycap-archivist.com/keycaps/66f3cf52.jpg
fffa9ee8,DCcaps,Tusky,,https://cdn.keycap-archivist.com/keycaps/fffa9ee8.jpg
88fdae7e,DCcaps,Tusky,,https://cdn.keycap-archivist.com/keycaps/88fdae7e.jpg
1842b3ef,DCcaps,Tusky,,https://cdn.keycap-archivist.com/keycaps/1842b3ef.jpg
6f458379,DCcaps,Tusky,,https://cdn.keycap-archivist.com/keycaps/6f458379.jpg
15b4d932,DCcaps,Tusky,,https://cdn.keycap-archivist.com/keycaps/15b4d932.jpg
62b3e9a4,DCcaps,Tusky,,https://cdn.keycap-archivist.com/keycaps/62b3e9a4.jpg
fbbab81e,DCcaps,Tusky,,https://cdn.keycap-archivist.com/keycaps/fbbab81e.jpg
185b738a,DCcaps,Tusky,Minty-Strawberry,https://cdn.keycap-archivist.com/keycaps/185b738a.jpg
12d91d2b,DCcaps,Tusky,,https://cdn.keycap-archivist.com/keycaps/12d91d2b.jpg
65de2dbd,DCcaps,Tusky,,https://cdn.keycap-archivist.com/keycaps/65de2dbd.jpg
5aaee6be,DCcaps,Tusky,Carbon,https://cdn.keycap-archivist.com/keycaps/5aaee6be.jpg
5b58d850,DCcaps,Tusky,Lime,https://cdn.keycap-archivist.com/keycaps/5b58d850.jpg
764951a3,DCcaps,Miscellaneous,,https://cdn.keycap-archivist.com/keycaps/764951a3.jpg
14e6135,DCcaps,Miscellaneous,,https://cdn.keycap-archivist.com/keycaps/14e6135.jpg
9847308f,DCcaps,Miscellaneous,,https://cdn.keycap-archivist.com/keycaps/9847308f.jpg
ef400019,DCcaps,Miscellaneous,,https://cdn.keycap-archivist.com/keycaps/ef400019.jpg
712495ba,DCcaps,Miscellaneous,,https://cdn.keycap-archivist.com/keycaps/712495ba.jpg
9449d13a,DCcaps,Miscellaneous,Retro TV,https://cdn.keycap-archivist.com/keycaps/9449d13a.jpg
edf45e15,DCcaps,Miscellaneous,VN MK Blank,https://cdn.keycap-archivist.com/keycaps/edf45e15.jpg
e82dc400,DCcaps,Miscellaneous,,https://cdn.keycap-archivist.com/keycaps/e82dc400.jpg
7892d991,DCcaps,Miscellaneous,,https://cdn.keycap-archivist.com/keycaps/7892d991.jpg
f95e907,DCcaps,Miscellaneous,,https://cdn.keycap-archivist.com/keycaps/f95e907.jpg
4c375047,DCcaps,Miscellaneous,Daruma,https://cdn.keycap-archivist.com/keycaps/4c375047.jpg
