id,artist,sculpt,name,img
147acb0b,MUBAI,Bear,White,https://cdn.keycap-archivist.com/keycaps/147acb0b.jpg
30cfe669,MUBAI,Bear,kumamon,https://cdn.keycap-archivist.com/keycaps/30cfe669.jpg
1ee7250e,MUBAI,Bear,Green,https://cdn.keycap-archivist.com/keycaps/1ee7250e.jpg
703dafb4,MUBAI,Bear,Moss Green,https://cdn.keycap-archivist.com/keycaps/703dafb4.jpg
969197fe,MUBAI,Bear,Pikachu,https://cdn.keycap-archivist.com/keycaps/969197fe.jpg
621b18bf,MUBAI,Bear,Brown,https://cdn.keycap-archivist.com/keycaps/621b18bf.jpg
419c852d,MUBAI,Bear,Cloudy,https://cdn.keycap-archivist.com/keycaps/419c852d.jpg
1bf7cd81,MUBAI,Bear,Pink,https://cdn.keycap-archivist.com/keycaps/1bf7cd81.jpg
1d390f2c,MUBAI,Bear,Panda,https://cdn.keycap-archivist.com/keycaps/1d390f2c.jpg
68a5e447,MUBAI,Flying Cat,Toxic,https://cdn.keycap-archivist.com/keycaps/68a5e447.jpg
46edb04c,MUBAI,Flying Cat,Oblivion V1,https://cdn.keycap-archivist.com/keycaps/46edb04c.jpg
b04e5f57,MUBAI,Flying Cat,Matrix 01,https://cdn.keycap-archivist.com/keycaps/b04e5f57.jpg
9cfaa589,MUBAI,Flying Cat,Wob,https://cdn.keycap-archivist.com/keycaps/9cfaa589.jpg
2c0adbca,MUBAI,Flying Cat,Carbon,https://cdn.keycap-archivist.com/keycaps/2c0adbca.jpg
b6d28ac2,MUBAI,Flying Cat,Red Samurai,https://cdn.keycap-archivist.com/keycaps/b6d28ac2.jpg
dacf9bb6,MUBAI,Flying Cat,Oblivion V2,https://cdn.keycap-archivist.com/keycaps/dacf9bb6.jpg
3a6cc188,MUBAI,Flying Cat,Pikachu,https://cdn.keycap-archivist.com/keycaps/3a6cc188.jpg
f678e2ee,MUBAI,Skull Kid,Boneyard,https://cdn.keycap-archivist.com/keycaps/f678e2ee.jpg
e393c956,MUBAI,Skull Kid,Lime,https://cdn.keycap-archivist.com/keycaps/e393c956.jpg
bdfae497,MUBAI,Skull Kid,Pikachu,https://cdn.keycap-archivist.com/keycaps/bdfae497.jpg
2ce883fd,MUBAI,Skull Kid,Carbon,https://cdn.keycap-archivist.com/keycaps/2ce883fd.jpg
849ed247,MUBAI,Skull Kid,Camouflage,https://cdn.keycap-archivist.com/keycaps/849ed247.jpg
104f76ed,MUBAI,Skull Kid,Vampire baby,https://cdn.keycap-archivist.com/keycaps/104f76ed.jpg
2337be63,MUBAI,Skull Kid,Aurora Polaris,https://cdn.keycap-archivist.com/keycaps/2337be63.jpg
1074bfdd,MUBAI,Skull Kid,Coloradas,https://cdn.keycap-archivist.com/keycaps/1074bfdd.jpg
9608b951,MUBAI,Skull Kid,JiangShi,https://cdn.keycap-archivist.com/keycaps/9608b951.jpg
54008849,MUBAI,Fluid Mask,OG Sample,https://cdn.keycap-archivist.com/keycaps/54008849.jpg
2c17f4ab,MUBAI,Fluid Mask,OG,https://cdn.keycap-archivist.com/keycaps/2c17f4ab.jpg
71143681,MUBAI,Fluid Mask,Jeans,https://cdn.keycap-archivist.com/keycaps/71143681.jpg
7c68acd8,MUBAI,Fluid Mask,Toxic,https://cdn.keycap-archivist.com/keycaps/7c68acd8.jpg
2dc5ffe3,MUBAI,Fluid Mask,Jason Voorhees(2 off),https://cdn.keycap-archivist.com/keycaps/2dc5ffe3.jpg
23c3b495,MUBAI,Fluid Mask,Godspeed,https://cdn.keycap-archivist.com/keycaps/23c3b495.jpg
898daab8,MUBAI,Fluid Mask,Carbon,https://cdn.keycap-archivist.com/keycaps/898daab8.jpg
99c8f76f,MUBAI,Fluid Mask,Kaonashi,https://cdn.keycap-archivist.com/keycaps/99c8f76f.jpg
70bf7902,MUBAI,Fluid Mask,Arctic,https://cdn.keycap-archivist.com/keycaps/70bf7902.jpg
ed59e82c,MUBAI,Fluid Mask,Hammerhead,https://cdn.keycap-archivist.com/keycaps/ed59e82c.jpg
f2082645,MUBAI,Fluid Mask,HFO,https://cdn.keycap-archivist.com/keycaps/f2082645.jpg
37552367,MUBAI,Fluid Mask,Analog dreams,https://cdn.keycap-archivist.com/keycaps/37552367.jpg
e8288f6c,MUBAI,Fluid Mask,Creamy macaroon lavender,https://cdn.keycap-archivist.com/keycaps/e8288f6c.jpg
60a5ae17,MUBAI,Fluid Mask,Creamy macaroon melon,https://cdn.keycap-archivist.com/keycaps/60a5ae17.jpg
ebcfd9d9,MUBAI,Fluid Mask,Peace dove,https://cdn.keycap-archivist.com/keycaps/ebcfd9d9.jpg
f02da106,MUBAI,Fluid Mask,Ghost,https://cdn.keycap-archivist.com/keycaps/f02da106.jpg
1ac2bb7b,MUBAI,Fluid Mask,Stone Age,https://cdn.keycap-archivist.com/keycaps/1ac2bb7b.jpg
a39bd2e9,MUBAI,Fluid Mask,Kuiba,https://cdn.keycap-archivist.com/keycaps/a39bd2e9.jpg
dc95f65,MUBAI,Shark ELF,OG,https://cdn.keycap-archivist.com/keycaps/dc95f65.jpg
9d738b0b,MUBAI,Shark ELF,Toxic,https://cdn.keycap-archivist.com/keycaps/9d738b0b.jpg
c8c119bc,MUBAI,Shark ELF,Godspeed,https://cdn.keycap-archivist.com/keycaps/c8c119bc.jpg
d4eaa4fc,MUBAI,Shark ELF,Carbon,https://cdn.keycap-archivist.com/keycaps/d4eaa4fc.jpg
5404cfe2,MUBAI,Shark ELF,Arctic,https://cdn.keycap-archivist.com/keycaps/5404cfe2.jpg
d81193e,MUBAI,Shark ELF,Hammerhead,https://cdn.keycap-archivist.com/keycaps/d81193e.jpg
3578ca17,MUBAI,Shark ELF,Godspeed X,https://cdn.keycap-archivist.com/keycaps/3578ca17.jpg
431c5805,MUBAI,Fluid Corrosion Mask,Impermanence Wihte,https://cdn.keycap-archivist.com/keycaps/431c5805.jpg
9b706a14,MUBAI,Fluid Corrosion Mask,Impermanence Black,https://cdn.keycap-archivist.com/keycaps/9b706a14.jpg
9422c224,MUBAI,Fluid Corrosion Mask,HFO,https://cdn.keycap-archivist.com/keycaps/9422c224.jpg
f9e40ee6,MUBAI,Fluid Corrosion Mask,McDonald’s,https://cdn.keycap-archivist.com/keycaps/f9e40ee6.jpg
6296cb3c,MUBAI,Pilot Duck,,https://cdn.keycap-archivist.com/keycaps/6296cb3c.jpg
1591fbaa,MUBAI,Pilot Duck,,https://cdn.keycap-archivist.com/keycaps/1591fbaa.jpg
8c98aa10,MUBAI,Pilot Duck,,https://cdn.keycap-archivist.com/keycaps/8c98aa10.jpg
fb9f9a86,MUBAI,Pilot Duck,,https://cdn.keycap-archivist.com/keycaps/fb9f9a86.jpg
65fb0f25,MUBAI,Pilot Duck,,https://cdn.keycap-archivist.com/keycaps/65fb0f25.jpg
12fc3fb3,MUBAI,Pilot Duck,,https://cdn.keycap-archivist.com/keycaps/12fc3fb3.jpg
7f96c15d,MUBAI,Daruma,(2-OFF),https://cdn.keycap-archivist.com/keycaps/7f96c15d.jpg
