id,artist,sculpt,name,img
543f0d3,T-Lab,Tolaga v2,Mictlan,https://cdn.keycap-archivist.com/keycaps/543f0d3.jpg
62ec2d4b,T-Lab,Tolaga v2,Aztec Gold,https://cdn.keycap-archivist.com/keycaps/62ec2d4b.jpg
e5f9af8d,T-Lab,Tolaga v2,Bloody Ash,https://cdn.keycap-archivist.com/keycaps/e5f9af8d.jpg
975d8482,T-Lab,Tolaga v2,Psyche,https://cdn.keycap-archivist.com/keycaps/975d8482.jpg
f8e0ce3d,T-Lab,Tolaga v2,Tola-O’-Lantern,https://cdn.keycap-archivist.com/keycaps/f8e0ce3d.jpg
f653b169,T-Lab,Tolaga v2,Count,https://cdn.keycap-archivist.com/keycaps/f653b169.jpg
8b810a08,T-Lab,Tolaga v2,Ornament,https://cdn.keycap-archivist.com/keycaps/8b810a08.jpg
db18344c,T-Lab,Ki,Cupid,https://cdn.keycap-archivist.com/keycaps/db18344c.jpg
ac2fdfba,T-Lab,Ki,Padfoot,https://cdn.keycap-archivist.com/keycaps/ac2fdfba.jpg
1aa9bd24,T-Lab,Ki,Krypto,https://cdn.keycap-archivist.com/keycaps/1aa9bd24.jpg
7886e381,T-Lab,Ki,Carbon,https://cdn.keycap-archivist.com/keycaps/7886e381.jpg
c3d9da12,T-Lab,Ki,Tanjiro,https://cdn.keycap-archivist.com/keycaps/c3d9da12.jpg
bbb071bd,T-Lab,Ki,Mario,https://cdn.keycap-archivist.com/keycaps/bbb071bd.jpg
fe17f889,T-Lab,Ki,Starchild,https://cdn.keycap-archivist.com/keycaps/fe17f889.jpg
1122bf1,T-Lab,Ki,Laser,https://cdn.keycap-archivist.com/keycaps/1122bf1.jpg
bf214ff4,T-Lab,Ki,Kitsune,https://cdn.keycap-archivist.com/keycaps/bf214ff4.jpg
34c29969,T-Lab,Ki,Fairy,https://cdn.keycap-archivist.com/keycaps/34c29969.jpg
cbd0d67c,T-Lab,Ki,Shiba,https://cdn.keycap-archivist.com/keycaps/cbd0d67c.jpg
175bdcda,T-Lab,Ki,Frankistein,https://cdn.keycap-archivist.com/keycaps/175bdcda.jpg
61cb6dc9,T-Lab,Ki,Dark Mictlan,https://cdn.keycap-archivist.com/keycaps/61cb6dc9.jpg
fbc83217,T-Lab,Ki,Light Mictlan,https://cdn.keycap-archivist.com/keycaps/fbc83217.jpg
32c90db,T-Lab,JawZ,VAC Mid Autumn,https://cdn.keycap-archivist.com/keycaps/32c90db.jpg
b1c0868e,T-Lab,JawZ,MYMK Meetup '22,https://cdn.keycap-archivist.com/keycaps/b1c0868e.jpg
1d50b1e5,T-Lab,JawZ,Halloween,https://cdn.keycap-archivist.com/keycaps/1d50b1e5.jpg
319e8104,T-Lab,JawZ,Tipsy,https://cdn.keycap-archivist.com/keycaps/319e8104.jpg
5f778d3d,T-Lab,JawZ,DMS,https://cdn.keycap-archivist.com/keycaps/5f778d3d.jpg
5d3bdecd,T-Lab,JawZ,Hungry,https://cdn.keycap-archivist.com/keycaps/5d3bdecd.jpg
1e0d91a5,T-Lab,JawZ,Mickey,https://cdn.keycap-archivist.com/keycaps/1e0d91a5.jpg
f98aab15,T-Lab,JawZ,Wario,https://cdn.keycap-archivist.com/keycaps/f98aab15.jpg
8cb2f355,T-Lab,JawZ,Elune,https://cdn.keycap-archivist.com/keycaps/8cb2f355.jpg
e61ff013,T-Lab,JawZ,Rudolph,https://cdn.keycap-archivist.com/keycaps/e61ff013.jpg
9e7a3830,T-Lab,JawZ,Shinbei,https://cdn.keycap-archivist.com/keycaps/9e7a3830.jpg
4f31735b,T-Lab,JawZ,Ol' Teddy,https://cdn.keycap-archivist.com/keycaps/4f31735b.jpg
567c0733,T-Lab,JawZ,Mictlan,https://cdn.keycap-archivist.com/keycaps/567c0733.jpg
62f0b146,T-Lab,Trixie,Cookies n' Cream,https://cdn.keycap-archivist.com/keycaps/62f0b146.jpg
80dc2726,T-Lab,Trixie,Taro,https://cdn.keycap-archivist.com/keycaps/80dc2726.jpg
3f04b67e,T-Lab,Trixie,Pharaoh,https://cdn.keycap-archivist.com/keycaps/3f04b67e.jpg
921962e3,T-Lab,Trixie,SugarHype,https://cdn.keycap-archivist.com/keycaps/921962e3.jpg
f7917c0d,T-Lab,Trixie,Patrick,https://cdn.keycap-archivist.com/keycaps/f7917c0d.jpg
c09054e8,T-Lab,Trixie,Dino,https://cdn.keycap-archivist.com/keycaps/c09054e8.jpg
b931f574,T-Lab,Trixie,Roberta,https://cdn.keycap-archivist.com/keycaps/b931f574.jpg
46207848,T-Lab,Trixie,Good Gal,https://cdn.keycap-archivist.com/keycaps/46207848.jpg
d7613a19,T-Lab,Trixie,Mario,https://cdn.keycap-archivist.com/keycaps/d7613a19.jpg
ea8ffda4,T-Lab,Trixie,Popcorn,https://cdn.keycap-archivist.com/keycaps/ea8ffda4.jpg
ae8d6238,T-Lab,Trixie,Mictlan,https://cdn.keycap-archivist.com/keycaps/ae8d6238.jpg
9483accd,T-Lab,Trixie,Dora,https://cdn.keycap-archivist.com/keycaps/9483accd.jpg
484b5173,T-Lab,Trixie,Laser,https://cdn.keycap-archivist.com/keycaps/484b5173.jpg
f0ca92b5,T-Lab,Trixie,Berry,https://cdn.keycap-archivist.com/keycaps/f0ca92b5.jpg
76efff20,T-Lab,Trixie,Reaper,https://cdn.keycap-archivist.com/keycaps/76efff20.jpg
c715e16d,T-Lab,Trixie,Obito,https://cdn.keycap-archivist.com/keycaps/c715e16d.jpg
c9ccc9dd,T-Lab,Trixie,Nemo,https://cdn.keycap-archivist.com/keycaps/c9ccc9dd.jpg
638640cf,T-Lab,Trixie,MYMK Meetup '22,https://cdn.keycap-archivist.com/keycaps/638640cf.jpg
9dc5b575,T-Lab,Trixie,Sakura,https://cdn.keycap-archivist.com/keycaps/9dc5b575.jpg
1b187c10,T-Lab,Trixie,Faded,https://cdn.keycap-archivist.com/keycaps/1b187c10.jpg
54082c21,T-Lab,Trixie,Chopper,https://cdn.keycap-archivist.com/keycaps/54082c21.jpg
685ac1bd,T-Lab,Trixie,Halloween,https://cdn.keycap-archivist.com/keycaps/685ac1bd.jpg
99799aa7,T-Lab,Trixie,Balloon,https://cdn.keycap-archivist.com/keycaps/99799aa7.jpg
c36a1718,T-Lab,Trixie,Tipsy,https://cdn.keycap-archivist.com/keycaps/c36a1718.jpg
1586ed51,T-Lab,Trixie,DMS,https://cdn.keycap-archivist.com/keycaps/1586ed51.jpg
22f46375,T-Lab,Trixie,Hungry,https://cdn.keycap-archivist.com/keycaps/22f46375.jpg
6c6f8069,T-Lab,Trixie,Minnie,https://cdn.keycap-archivist.com/keycaps/6c6f8069.jpg
4503306c,T-Lab,Trixie,Wario,https://cdn.keycap-archivist.com/keycaps/4503306c.jpg
7d8e825f,T-Lab,Trixie,Elune,https://cdn.keycap-archivist.com/keycaps/7d8e825f.jpg
7451776c,T-Lab,Trixie,Santa,https://cdn.keycap-archivist.com/keycaps/7451776c.jpg
6f291009,T-Lab,Trixie,Shinbei,https://cdn.keycap-archivist.com/keycaps/6f291009.jpg
19f0c68f,T-Lab,Trixie,Ol' Teddy,https://cdn.keycap-archivist.com/keycaps/19f0c68f.jpg
af44fb9a,T-Lab,Trixie,Year of Trixie,https://cdn.keycap-archivist.com/keycaps/af44fb9a.jpg
bb5a7136,T-Lab,Trixie,Luigi,https://cdn.keycap-archivist.com/keycaps/bb5a7136.jpg
aeb0f800,T-Lab,Trixie,Cupid,https://cdn.keycap-archivist.com/keycaps/aeb0f800.jpg
7c243062,T-Lab,Trixie,Baseball,https://cdn.keycap-archivist.com/keycaps/7c243062.jpg
e6956b20,T-Lab,Trixie,Potter,https://cdn.keycap-archivist.com/keycaps/e6956b20.jpg
d1f81409,T-Lab,Trixie,Jaian,https://cdn.keycap-archivist.com/keycaps/d1f81409.jpg
27fbbb0d,T-Lab,Trixie,Kal-El,https://cdn.keycap-archivist.com/keycaps/27fbbb0d.jpg
f9a5d3b7,T-Lab,Trixie,Sailor Moon,https://cdn.keycap-archivist.com/keycaps/f9a5d3b7.jpg
f2145169,T-Lab,Trixie,Carbon,https://cdn.keycap-archivist.com/keycaps/f2145169.jpg
567fc323,T-Lab,Trixie,Nezuko,https://cdn.keycap-archivist.com/keycaps/567fc323.jpg
a1bb65a5,T-Lab,Trixie,Bowsette,https://cdn.keycap-archivist.com/keycaps/a1bb65a5.jpg
b567f1fa,T-Lab,Trixie,Demon,https://cdn.keycap-archivist.com/keycaps/b567f1fa.jpg
2aef0a56,T-Lab,Trixie,Laser 2,https://cdn.keycap-archivist.com/keycaps/2aef0a56.jpg
fa406347,T-Lab,Trixie,Trixsune,https://cdn.keycap-archivist.com/keycaps/fa406347.jpg
851f5ee,T-Lab,Trixie,Bic Mac,https://cdn.keycap-archivist.com/keycaps/851f5ee.jpg
41c3ff1b,T-Lab,Trixie,Fairy,https://cdn.keycap-archivist.com/keycaps/41c3ff1b.jpg
9ce20922,T-Lab,Trixie,Majin Buu,https://cdn.keycap-archivist.com/keycaps/9ce20922.jpg
b8fab617,T-Lab,Trixie,Batman,https://cdn.keycap-archivist.com/keycaps/b8fab617.jpg
74559f62,T-Lab,Trixie,Lightyear,https://cdn.keycap-archivist.com/keycaps/74559f62.jpg
e1cbeb72,T-Lab,Trixie,Pride,https://cdn.keycap-archivist.com/keycaps/e1cbeb72.jpg
83935a39,T-Lab,Trixie,Saitama,https://cdn.keycap-archivist.com/keycaps/83935a39.jpg
eb984e76,T-Lab,Trixie,Anya,https://cdn.keycap-archivist.com/keycaps/eb984e76.jpg
d2302491,T-Lab,Trixie,Shin,https://cdn.keycap-archivist.com/keycaps/d2302491.jpg
521ac28c,T-Lab,Trixie,Naruto,https://cdn.keycap-archivist.com/keycaps/521ac28c.jpg
41295c47,T-Lab,Trixie,Titan,https://cdn.keycap-archivist.com/keycaps/41295c47.jpg
41405fc4,T-Lab,Trixie,Homer,https://cdn.keycap-archivist.com/keycaps/41405fc4.jpg
793a44ee,T-Lab,Trixie,Blink,https://cdn.keycap-archivist.com/keycaps/793a44ee.jpg
a94d00c6,T-Lab,Trixie,Ursula,https://cdn.keycap-archivist.com/keycaps/a94d00c6.jpg
73d74c3,T-Lab,Trixie,Aladdin,https://cdn.keycap-archivist.com/keycaps/73d74c3.jpg
60057ca3,T-Lab,Trixie,Cheshire,https://cdn.keycap-archivist.com/keycaps/60057ca3.jpg
8f08dd02,T-Lab,Trixie,Cuphead,https://cdn.keycap-archivist.com/keycaps/8f08dd02.jpg
cf44e2d5,T-Lab,Trixie,National Day,https://cdn.keycap-archivist.com/keycaps/cf44e2d5.jpg
75cd7a05,T-Lab,Trixie,Bruce Lee,https://cdn.keycap-archivist.com/keycaps/75cd7a05.jpg
d83e7481,T-Lab,Trixie,Pucca,https://cdn.keycap-archivist.com/keycaps/d83e7481.jpg
f68ec0fd,T-Lab,Trixie,Guy,https://cdn.keycap-archivist.com/keycaps/f68ec0fd.jpg
4c664dcf,T-Lab,Trixie,Liondancer,https://cdn.keycap-archivist.com/keycaps/4c664dcf.jpg
6a80bb3e,T-Lab,Trixie,Moon Bunny,https://cdn.keycap-archivist.com/keycaps/6a80bb3e.jpg
8f07eb1f,T-Lab,Trixie,Trix-O'-Lantern,https://cdn.keycap-archivist.com/keycaps/8f07eb1f.jpg
4032b290,T-Lab,Trixie,Trixster,https://cdn.keycap-archivist.com/keycaps/4032b290.jpg
5de84671,T-Lab,Trixie,Wisteria Wizzie,https://cdn.keycap-archivist.com/keycaps/5de84671.jpg
df3ad6a6,T-Lab,Trixie,Bubblegum Wizzie,https://cdn.keycap-archivist.com/keycaps/df3ad6a6.jpg
9557eb4d,T-Lab,Trixie,Mictlan Wizzie,https://cdn.keycap-archivist.com/keycaps/9557eb4d.jpg
7de4cad1,T-Lab,Trixie,Count,https://cdn.keycap-archivist.com/keycaps/7de4cad1.jpg
5102d4b4,T-Lab,Trixie,Count Resurrected,https://cdn.keycap-archivist.com/keycaps/5102d4b4.jpg
7fe86fa7,T-Lab,Trixie,Arale-chan,https://cdn.keycap-archivist.com/keycaps/7fe86fa7.jpg
ec2ae0ac,T-Lab,Trixie,Neonbright Arale-chan,https://cdn.keycap-archivist.com/keycaps/ec2ae0ac.jpg
97651efb,T-Lab,Trixie,Trixiequinn,https://cdn.keycap-archivist.com/keycaps/97651efb.jpg
a13c3bde,T-Lab,Trixie,DCEU Trixiequinn,https://cdn.keycap-archivist.com/keycaps/a13c3bde.jpg
f3bd8e59,T-Lab,Trixie,Ornament,https://cdn.keycap-archivist.com/keycaps/f3bd8e59.jpg
3d4b7307,T-Lab,Trixie,Trix in a Box,https://cdn.keycap-archivist.com/keycaps/3d4b7307.jpg
7af051c1,T-Lab,Trixie,Trix Soldier,https://cdn.keycap-archivist.com/keycaps/7af051c1.jpg
422edc7c,T-Lab,Trixie,Claus,https://cdn.keycap-archivist.com/keycaps/422edc7c.jpg
3a80a6b3,T-Lab,Trixie,Partay,https://cdn.keycap-archivist.com/keycaps/3a80a6b3.jpg
a54ea72d,T-Lab,Trixie,Fireworks,https://cdn.keycap-archivist.com/keycaps/a54ea72d.jpg
142bc1c9,T-Lab,Trixie,Link,https://cdn.keycap-archivist.com/keycaps/142bc1c9.jpg
b6b4901e,T-Lab,Trixie,Capri,https://cdn.keycap-archivist.com/keycaps/b6b4901e.jpg
8a587c09,T-Lab,Trixie,Carbon Capri,https://cdn.keycap-archivist.com/keycaps/8a587c09.jpg
223858e6,T-Lab,Trixie,Laser Capri,https://cdn.keycap-archivist.com/keycaps/223858e6.jpg
9de86e95,T-Lab,Trixie,Terracosmic Capri,https://cdn.keycap-archivist.com/keycaps/9de86e95.jpg
16393d8c,T-Lab,Trixie,Daydream,https://cdn.keycap-archivist.com/keycaps/16393d8c.jpg
bc9f9366,T-Lab,Trixie,Cloudydream,https://cdn.keycap-archivist.com/keycaps/bc9f9366.jpg
abeccdd,T-Lab,Trixie,Heritage Moonhead,https://cdn.keycap-archivist.com/keycaps/abeccdd.jpg
1d0cf29a,T-Lab,Trixie,Heritage Chomper,https://cdn.keycap-archivist.com/keycaps/1d0cf29a.jpg
2e22cd77,T-Lab,Trixie,Imperial Moonhead,https://cdn.keycap-archivist.com/keycaps/2e22cd77.jpg
d91de393,T-Lab,Trixie,Dragonheart Moonhead,https://cdn.keycap-archivist.com/keycaps/d91de393.jpg
9bdf12e6,T-Lab,Trixie,Lovestruck,https://cdn.keycap-archivist.com/keycaps/9bdf12e6.jpg
a2c9135e,T-Lab,Trixie,Aquarian,https://cdn.keycap-archivist.com/keycaps/a2c9135e.jpg
b877ed18,T-Lab,Trixie,Maneki,https://cdn.keycap-archivist.com/keycaps/b877ed18.jpg
b0f4dabd,T-Lab,Trixie,Aquarius,https://cdn.keycap-archivist.com/keycaps/b0f4dabd.jpg
eb023809,T-Lab,Trixie,Darkdream,https://cdn.keycap-archivist.com/keycaps/eb023809.jpg
6b734f30,T-Lab,Trixie,Hotdream,https://cdn.keycap-archivist.com/keycaps/6b734f30.jpg
8b99916a,T-Lab,Trixie,Everdream,https://cdn.keycap-archivist.com/keycaps/8b99916a.jpg
cde0947e,T-Lab,Trixie,Trixcean,https://cdn.keycap-archivist.com/keycaps/cde0947e.jpg
5a3ff063,T-Lab,Trixie,Mono Trixcean,https://cdn.keycap-archivist.com/keycaps/5a3ff063.jpg
77148129,T-Lab,Trixie,Golden Hour,https://cdn.keycap-archivist.com/keycaps/77148129.jpg
7e4954bd,T-Lab,Trixie,Morales,https://cdn.keycap-archivist.com/keycaps/7e4954bd.jpg
fa4f4efd,T-Lab,Trixie,Parker,https://cdn.keycap-archivist.com/keycaps/fa4f4efd.jpg
2aa6c914,T-Lab,Trixie,Stacy,https://cdn.keycap-archivist.com/keycaps/2aa6c914.jpg
40b7903a,T-Lab,Trixie,Pino,https://cdn.keycap-archivist.com/keycaps/40b7903a.jpg
38a3340,T-Lab,Trixie,Trixaries,https://cdn.keycap-archivist.com/keycaps/38a3340.jpg
6691621b,T-Lab,Trixie,Ignis Trixaries,https://cdn.keycap-archivist.com/keycaps/6691621b.jpg
f1d5f81e,T-Lab,Trixie,Zeal Trixaries,https://cdn.keycap-archivist.com/keycaps/f1d5f81e.jpg
b0ef152a,T-Lab,Trixie,Kong,https://cdn.keycap-archivist.com/keycaps/b0ef152a.jpg
3c6736a6,T-Lab,Trixie,Trixskar,https://cdn.keycap-archivist.com/keycaps/3c6736a6.jpg
66ab76ba,T-Lab,Trixie,Dope,https://cdn.keycap-archivist.com/keycaps/66ab76ba.jpg
393653eb,T-Lab,Trixie,Highmore,https://cdn.keycap-archivist.com/keycaps/393653eb.jpg
6ed33ed5,T-Lab,Trixie,Trixzilla,https://cdn.keycap-archivist.com/keycaps/6ed33ed5.jpg
3f93f752,T-Lab,Trixie,Trixzilla 2.0,https://cdn.keycap-archivist.com/keycaps/3f93f752.jpg
5b1e6527,T-Lab,Trixie,Sol Trixaurus,https://cdn.keycap-archivist.com/keycaps/5b1e6527.jpg
a89c91ad,T-Lab,Trixie,Aes Trixaurus,https://cdn.keycap-archivist.com/keycaps/a89c91ad.jpg
cc2da60a,T-Lab,Trixie,Emerald Trixaurus,https://cdn.keycap-archivist.com/keycaps/cc2da60a.jpg
4a78dbb6,T-Lab,Trixie,Garfield,https://cdn.keycap-archivist.com/keycaps/4a78dbb6.jpg
7c5bf0e6,T-Lab,Trixie,Shodai Ultrix,https://cdn.keycap-archivist.com/keycaps/7c5bf0e6.jpg
13ddb4b9,T-Lab,Trixie,Tiga Ultrix,https://cdn.keycap-archivist.com/keycaps/13ddb4b9.jpg
8ab1aea8,T-Lab,Trixie,Multitype Ultrix,https://cdn.keycap-archivist.com/keycaps/8ab1aea8.jpg
ae3d1b30,T-Lab,Trixie,Hello,https://cdn.keycap-archivist.com/keycaps/ae3d1b30.jpg
bd5bddd9,T-Lab,Trixie,Hello Pinkie,https://cdn.keycap-archivist.com/keycaps/bd5bddd9.jpg
f131864f,T-Lab,Spookie,OG,https://cdn.keycap-archivist.com/keycaps/f131864f.jpg
ba4b3533,T-Lab,Spookie,Gymnastic,https://cdn.keycap-archivist.com/keycaps/ba4b3533.jpg
8252cfa3,T-Lab,Spookie,Flora,https://cdn.keycap-archivist.com/keycaps/8252cfa3.jpg
10f92d47,T-Lab,Spookie,Captain,https://cdn.keycap-archivist.com/keycaps/10f92d47.jpg
318a06b9,T-Lab,Spookie,Carbon,https://cdn.keycap-archivist.com/keycaps/318a06b9.jpg
720c0645,T-Lab,Spookie,Bling-Bling,https://cdn.keycap-archivist.com/keycaps/720c0645.jpg
e49aa149,T-Lab,Spookie,Citrus,https://cdn.keycap-archivist.com/keycaps/e49aa149.jpg
89efb784,T-Lab,Spookie,Fury,https://cdn.keycap-archivist.com/keycaps/89efb784.jpg
7af4b424,T-Lab,Spookie,Smash,https://cdn.keycap-archivist.com/keycaps/7af4b424.jpg
c56b40c1,T-Lab,Spookie,Hawk,https://cdn.keycap-archivist.com/keycaps/c56b40c1.jpg
92ffd467,T-Lab,Spookie,Mark III,https://cdn.keycap-archivist.com/keycaps/92ffd467.jpg
be557d4,T-Lab,Spookie,Romanova,https://cdn.keycap-archivist.com/keycaps/be557d4.jpg
8a2fe39c,T-Lab,Spookie,Konvict,https://cdn.keycap-archivist.com/keycaps/8a2fe39c.jpg
f37febe9,T-Lab,Spookie,Taro,https://cdn.keycap-archivist.com/keycaps/f37febe9.jpg
51c4baa9,T-Lab,Spookie,Pharaoh,https://cdn.keycap-archivist.com/keycaps/51c4baa9.jpg
5c68707c,T-Lab,Spookie,SugarHype,https://cdn.keycap-archivist.com/keycaps/5c68707c.jpg
a70ac04b,T-Lab,Spookie,Patrick,https://cdn.keycap-archivist.com/keycaps/a70ac04b.jpg
bb59ffb,T-Lab,Spookie,Dino,https://cdn.keycap-archivist.com/keycaps/bb59ffb.jpg
4b0128,T-Lab,Spookie,Bob,https://cdn.keycap-archivist.com/keycaps/4b0128.jpg
fe70427f,T-Lab,Spookie,Good Boi,https://cdn.keycap-archivist.com/keycaps/fe70427f.jpg
8c9ba813,T-Lab,Spookie,Mario,https://cdn.keycap-archivist.com/keycaps/8c9ba813.jpg
926cd1ec,T-Lab,Spookie,Popcorn,https://cdn.keycap-archivist.com/keycaps/926cd1ec.jpg
49a8970,T-Lab,Spookie,Mictlan,https://cdn.keycap-archivist.com/keycaps/49a8970.jpg
dbca5fe6,T-Lab,Spookie,Dora,https://cdn.keycap-archivist.com/keycaps/dbca5fe6.jpg
59f087f3,T-Lab,Spookie,Laser,https://cdn.keycap-archivist.com/keycaps/59f087f3.jpg
193171e6,T-Lab,Spookie,Berry,https://cdn.keycap-archivist.com/keycaps/193171e6.jpg
76847a21,T-Lab,Spookie,Reaper,https://cdn.keycap-archivist.com/keycaps/76847a21.jpg
ef77313,T-Lab,Spookie,Sharingan,https://cdn.keycap-archivist.com/keycaps/ef77313.jpg
d838d150,T-Lab,Spookie,Nemo,https://cdn.keycap-archivist.com/keycaps/d838d150.jpg
dbe0671e,T-Lab,Spookie,Sakura,https://cdn.keycap-archivist.com/keycaps/dbe0671e.jpg
2768e1f1,T-Lab,Spookie,Faded,https://cdn.keycap-archivist.com/keycaps/2768e1f1.jpg
e00dfaf,T-Lab,Spookie,Chopper,https://cdn.keycap-archivist.com/keycaps/e00dfaf.jpg
537efc3c,T-Lab,Spookie,Balloon,https://cdn.keycap-archivist.com/keycaps/537efc3c.jpg
c4be443d,T-Lab,Spookie,Nutcracker Navy,https://cdn.keycap-archivist.com/keycaps/c4be443d.jpg
c9f0687e,T-Lab,Spookie,Jolly Red,https://cdn.keycap-archivist.com/keycaps/c9f0687e.jpg
7bdb2e,T-Lab,Troy,Olivia,https://cdn.keycap-archivist.com/keycaps/7bdb2e.jpg
750a7e63,T-Lab,Troy,Hyper,https://cdn.keycap-archivist.com/keycaps/750a7e63.jpg
e90ef661,T-Lab,Troy,Carbon,https://cdn.keycap-archivist.com/keycaps/e90ef661.jpg
cce0f1af,T-Lab,Troy,Gymnastic,https://cdn.keycap-archivist.com/keycaps/cce0f1af.jpg
457b36c0,T-Lab,Troy,Bananie,https://cdn.keycap-archivist.com/keycaps/457b36c0.jpg
710ee0ad,T-Lab,Troy,Cotton Candy,https://cdn.keycap-archivist.com/keycaps/710ee0ad.jpg
2adc3027,T-Lab,Troy,Camo,https://cdn.keycap-archivist.com/keycaps/2adc3027.jpg
8ca0c9c7,T-Lab,Troy,Summer Vibe,https://cdn.keycap-archivist.com/keycaps/8ca0c9c7.jpg
608669ab,T-Lab,Troy,Farvarg,https://cdn.keycap-archivist.com/keycaps/608669ab.jpg
6fb6495c,T-Lab,Troy,Wayne,https://cdn.keycap-archivist.com/keycaps/6fb6495c.jpg
af08922a,T-Lab,Troy,Citrus,https://cdn.keycap-archivist.com/keycaps/af08922a.jpg
cee36e74,T-Lab,Troy,Joker,https://cdn.keycap-archivist.com/keycaps/cee36e74.jpg
e3108d9b,T-Lab,Troy,Sharingan,https://cdn.keycap-archivist.com/keycaps/e3108d9b.jpg
a6f48d2c,T-Lab,Toni,Hyper,https://cdn.keycap-archivist.com/keycaps/a6f48d2c.jpg
613f5c25,T-Lab,Toni,BoW,https://cdn.keycap-archivist.com/keycaps/613f5c25.jpg
3dc6b320,T-Lab,Toni,Beamer,https://cdn.keycap-archivist.com/keycaps/3dc6b320.jpg
8aead510,T-Lab,Toni,Terra,https://cdn.keycap-archivist.com/keycaps/8aead510.jpg
3b204224,T-Lab,Toni,Bananie,https://cdn.keycap-archivist.com/keycaps/3b204224.jpg
932e74c9,T-Lab,Toni,RB,https://cdn.keycap-archivist.com/keycaps/932e74c9.jpg
936e4c2d,T-Lab,Toni,Kana,https://cdn.keycap-archivist.com/keycaps/936e4c2d.jpg
eeb4fb88,T-Lab,Toni,Carbonie,https://cdn.keycap-archivist.com/keycaps/eeb4fb88.jpg
4cddcab1,T-Lab,Toni,Monochrome,https://cdn.keycap-archivist.com/keycaps/4cddcab1.jpg
624d24df,T-Lab,Toni,OB,https://cdn.keycap-archivist.com/keycaps/624d24df.jpg
d2c5a85d,T-Lab,Toni,Candy Cane,https://cdn.keycap-archivist.com/keycaps/d2c5a85d.jpg
3a8080d0,T-Lab,Mooe,Carbonie,https://cdn.keycap-archivist.com/keycaps/3a8080d0.jpg
99a36e31,T-Lab,Mooe,Beamer,https://cdn.keycap-archivist.com/keycaps/99a36e31.jpg
62f0ef06,T-Lab,Mooe,Wiz,https://cdn.keycap-archivist.com/keycaps/62f0ef06.jpg
9e0df7db,T-Lab,Mooe,Canary,https://cdn.keycap-archivist.com/keycaps/9e0df7db.jpg
5e850a41,T-Lab,Mooe,Classique,https://cdn.keycap-archivist.com/keycaps/5e850a41.jpg
84752c5b,T-Lab,Mooe,Terra,https://cdn.keycap-archivist.com/keycaps/84752c5b.jpg
3201d9ff,T-Lab,Mooe,Marley,https://cdn.keycap-archivist.com/keycaps/3201d9ff.jpg
3b49374e,T-Lab,Mooe,BoW,https://cdn.keycap-archivist.com/keycaps/3b49374e.jpg
9eec9c16,T-Lab,Mooe,Monochrome,https://cdn.keycap-archivist.com/keycaps/9eec9c16.jpg
1aa0f8f8,T-Lab,Mooe,Candy Cane,https://cdn.keycap-archivist.com/keycaps/1aa0f8f8.jpg
3a771917,T-Lab,Tolaga,Watermelonie,https://cdn.keycap-archivist.com/keycaps/3a771917.jpg
2ad7a6d4,T-Lab,Tolaga,Bananie,https://cdn.keycap-archivist.com/keycaps/2ad7a6d4.jpg
12b1e41b,T-Lab,Tolaga,Carbonie,https://cdn.keycap-archivist.com/keycaps/12b1e41b.jpg
1197377a,T-Lab,Tolaga,Pastelie,https://cdn.keycap-archivist.com/keycaps/1197377a.jpg
9a264061,T-Lab,Tolaga,Lotusie,https://cdn.keycap-archivist.com/keycaps/9a264061.jpg
7ccf3638,T-Lab,Tolaga,Snowie,https://cdn.keycap-archivist.com/keycaps/7ccf3638.jpg
9cd73adc,T-Lab,Tolaga,Caramelie,https://cdn.keycap-archivist.com/keycaps/9cd73adc.jpg
68cc613a,T-Lab,Tolaga,Olivie,https://cdn.keycap-archivist.com/keycaps/68cc613a.jpg
d8f4e7f3,T-Lab,Tolaga,Monochrome,https://cdn.keycap-archivist.com/keycaps/d8f4e7f3.jpg
4e60d11,T-Lab,Tolaga,Candy Cane,https://cdn.keycap-archivist.com/keycaps/4e60d11.jpg
